id,WI,dem,urban_near,road_near,耕地面积,林地面积,草地面积,湿地面积,城市面积,裸地面积,水体面积,NTL_mean
BD201400000001,1.730769231,5.75952381,21023.68148,5303.945214,91162587.8,0,0,0,0,0,8835913.836,0.059740959
BD201400000002,1.965517241,5.693181818,14566.61573,4040.892924,91162587.8,0,0,0,0,0,398704.9291,0.074666413
BD201400000003,1.75862069,5.364285714,8990.41623,2974.200862,91162587.8,750674.2902,0,0,0,0,17429111.9,0.075867214
BD201400000004,2.666666667,6.126794258,4456.71978,1628.881214,91162587.8,5297119.484,0,0,741346.315,0,466975.5605,0.147067162
BD201400000005,2.230769231,5.634920635,16429.77753,3467.58328,91162587.8,1776166.782,0,0,0,0,5647662.63,0.0873916
BD201400000006,2.033333333,4.864285714,17863.7326,656.7849397,91162587.8,2292003.052,0,0,0,0,7206480.738,0.094336049
BD201400000007,2.655172414,7.028571429,23413.52367,991.2625185,91162587.8,63027775.11,0,0,0,0,1550713.325,0.179957913
BD201400000008,3.166666667,7.873809524,18123.92907,11395.13529,91162587.8,20617615.95,0,0,0,0,5750405.754,0.149764005
BD201400000009,2.724137931,5.671428571,11925.36823,12503.30424,91162587.8,5208588.965,313441.1968,0,0,488468.838,12927076.25,0.104155499
BD201400000010,2.2,4.433333333,15770.29701,16171.87045,91162587.8,522401.9946,522401.9946,0,0,0,19156014.37,0.162125909
BD201400000011,2.24137931,6.011337868,24363.56817,10013.61175,91162587.8,42064502.18,0,0,0,0,3938111.425,0.094224548
BD201400000012,2.533333333,7.49047619,20275.66557,1408.102276,91162587.8,45705827.13,0,0,0,0,1707268.586,0.234757051
BD201400000013,3.321428571,5.611363636,26347.37243,23519.07435,91162587.8,7442294.659,491633.792,0,0,0,14069159.91,0.134919682
BD201400000014,3.586206897,6.504761905,2891.2378,3660.442187,91162587.8,9851425.379,104480.3989,0,4288403.913,0,6063307.691,0.906066325
BD201400000015,2,4.426303855,8221.843865,3899.259837,91162587.8,8725507.637,731362.7925,0,0,1776166.782,18146206.39,0.084961251
BD201400000016,1.678571429,1.219047619,11450.48419,12967.16171,91162587.8,2297780.053,2940699.226,0,0,313441.1968,45976074.48,0.07268447
BD201400000017,2.633333333,4.583333333,29347.03313,18264.98144,91162587.8,3476239.977,1149284.388,0,0,0,25975179.28,0.117068257
BD201400000018,2.740740741,6.830952381,22764.5547,7542.783137,91162587.8,37686422.96,170605.2534,0,0,0,11330518.45,0.121661735
BD201400000019,2.833333333,4.84047619,29670.49145,5405.101174,91162587.8,76272632.1,313441.1968,104480.3989,0,0,1926745.756,0.098137484
BD201400000020,1.36,6.138095238,8792.734039,8254.205185,91162587.8,13141792.52,626882.3936,0,0,390993.5725,7442845.278,0.08475226
BD201400000021,1.64,3.523809524,12820.53087,13223.06556,91162587.8,13033809.44,725782.6068,0,0,2710910.186,25417013.3,0.074162413
BD201400000022,1.933333333,6.679545455,17818.02827,1039.898292,91162587.8,14879842.12,48340.50624,0,0,96681.01248,3572037.884,0.140340388
BD201400000023,1.84,2.430379747,36188.02601,3995.826687,91162587.8,8771001.119,104480.3989,0,0,940323.5903,14418982.1,0.079640557
BD201400000024,1.222222222,5.728096677,50927.51099,3164.786259,91162587.8,3227882.085,1358245.186,0,104480.3989,1671686.383,2624876.578,0.193178813
BD201400000025,1.592592593,5.443502825,37497.05203,7706.593111,91162587.8,5330892.994,0,0,0,81737.14102,356442.8146,0.098563595
BD201400000026,1.965517241,0.7,7396.336465,3644.653122,91162587.8,11675141.63,2115627.397,0,0,3190521.855,17295244.82,0.20386841
BD201400000027,1.851851852,5.610576923,46173.05113,6094.017696,91162587.8,7374424.408,962521.0971,0,0,0,1776166.782,0.074460192
BD201400000028,1.379310345,5.548128342,48064.32404,5692.558117,91162587.8,3932139.565,626882.3936,0,0,0,1439497.739,0.079473123
BD201400000029,2.310344828,5.963942308,41554.41706,1369.847773,91162587.8,8438709.292,1985127.58,0,0,0,1769584.914,0.081072689
BD201400000030,3.133333333,7.183333333,6208.938726,4009.080812,91162587.8,15367153.44,0,0,0,0,886020.7955,0.115784063
BD201400000031,2.137931034,6.095238095,23601.58283,6383.837094,91162587.8,5878762.85,0,0,0,0,6404787.849,0.135321979
BD201400000032,2.666666667,6.061363636,7317.537609,7734.445142,91162587.8,3441591.348,15223.53901,0,0,0,8405554.519,0.258167967
BD201400000033,3.310344828,6.222727273,10510.24717,5848.628788,91162587.8,4077847.371,0,0,0,0,10332390.77,0.115286514
BD201400000034,1.862068966,5.589569161,9612.823695,6382.020238,91162587.8,0,417921.5957,0,0,0,1938844.202,0.079581282
BD201400000035,2.1,5.077097506,18976.71181,18640.12668,91162587.8,90750.40527,0,0,0,0,11763756.77,0.102848308
BD201400000036,2.214285714,6.47,22492.74026,14817.32519,91162587.8,1090923.983,0,0,0,0,0,0.094157251
BD201400000037,2.5,5.12244898,13209.88601,13419.83261,91162587.8,104480.3989,0,0,0,0,11783626.68,0.099126877
BD201400000038,1.689655172,4.746835443,32837.63388,5357.039644,91162587.8,208960.7978,515820.1268,0,0,0,1958120.319,0.052007532
BD201400000039,2.24137931,5.457142857,14964.62131,689.0330731,91162587.8,0,0,0,0,0,628250.9467,0.059993978
BD201400000040,1.965517241,5.879487179,29868.05675,118.166777,91162587.8,940323.5903,0,0,0,0,11324248.31,0.103242458
BD201400000041,2.172413793,6.160997732,26011.05256,3268.134469,91162587.8,0,0,0,0,0,7013253.136,0.067457967
BD201400000042,1.896551724,5.797619048,7765.279031,4733.221342,91162587.8,0,1026276.325,0,0,0,6248469.76,0.08543892
BD201400000043,2.933333333,5.847619048,1141.504928,1592.009925,91162587.8,626882.3936,733416.2932,0,2507529.574,0,8179022.292,0.424187207
BD201400000044,2.517241379,6.675,23795.65687,5018.364424,91162587.8,9898959.413,0,0,174050.2385,0,0,0.15372575
BD201400000045,1.933333333,5.809651475,21425.10288,540.7026493,91162587.8,3535728.602,0,0,0,0,4349813.866,0.062887831
BD201400000046,2.214285714,6.115646259,26428.12748,8665.740154,91162587.8,10153377.31,0,0,0,0,180776.7077,0.093871789
BD201400000047,2.310344828,6.070294785,24755.96953,8225.34664,91162587.8,49256890.82,0,0,0,0,5801496.721,0.09491969
BD201400000048,2.344827586,6.779545455,21333.37078,3200.82776,91162587.8,28040113.37,0,0,0,0,6104222.931,0.099351004
BD201400000049,2.724137931,6.235827664,23199.38996,6327.938253,91162587.8,46989154.24,0,0,0,0,11651576.64,0.099172386
BD201400000050,2.310344828,6.738095238,31056.19845,5294.042827,91162587.8,6268950.101,208960.7978,0,0,0,22039704.74,0.109862421
BD201400000051,3.866666667,5.577272727,15572.39801,8283.883758,91162587.8,2015410.459,0,0,0,0,17206356.48,0.101849679
BD201400000052,4.407407407,2.852380952,18685.23007,398.6541152,91162587.8,2893539.302,0,0,0,0,16369850.66,0.096104174
BD201400000053,3.137931034,7.280952381,18418.14013,3403.776871,91162587.8,33158450.39,208960.7979,0,104480.3989,0,13858468.91,0.161172627
BD201400000054,3,7.040816327,1564.479891,1871.254701,91162587.8,8832657.43,23857.70869,0,14687096.61,0,10483158.32,1.298839558
BD201400000055,4.931034483,6.700680272,0,364.8047958,91162587.8,26152670.28,940323.5903,0,1462725.585,417921.5957,6228944.492,0.460673999
BD201400000056,3.5,6.825396825,635.6010643,120.2116058,91162587.8,24920261.25,522401.9946,0,1432303.715,1210429.845,5076377.012,0.492171954
BD201400000057,1.620689655,5.866666667,46173.13402,1089.026858,91162587.8,10297409.31,282092.4054,0,104480.3989,0,208960.7978,0.198159599
BD201400000058,2.103448276,0.14084507,35625.50129,8906.173615,91162587.8,10010584.66,547989.0365,0,0,4126633.392,13957693.66,0.106951203
BD201400000059,4.642857143,6.94047619,552.9385098,27.00848396,91162587.8,20926028.89,208960.7978,0,1044803.989,0,6292677.181,0.340636281
BD201400000060,4.75862069,6.223809524,22166.15242,11271.94782,91162587.8,1880647.181,0,0,0,0,6578074.767,0.146304892
BD201400000061,1.9,4.923832924,22660.55598,1362.636342,91162587.8,1149284.388,0,0,626882.3936,0,12220922.35,0.120831211
BD201400000062,3.178571429,5.897619048,896.9375362,1430.967444,91162587.8,626882.3936,762862.5118,0,2507529.574,0,8046957.493,0.454362857
BD201400000063,2.5,7.325,19963.37475,1150.320962,91162587.8,13096021.91,0,0,208960.7979,0,938965.6414,0.201337098
BD201400000064,2.413793103,7.369614512,24295.14103,716.9489401,91162587.8,36835807.82,0,0,731362.7925,0,2822708.143,0.25053218
BD201400000065,3.965517241,8.006818182,14460.8307,6287.868839,91162587.8,55060434.75,104480.3989,0,626882.3936,0,8758373.598,0.197049262
BD201400000066,4.655172414,7.235,0,0.873573278,91162587.8,10050698.04,208960.7979,0,14836216.65,0,12943649.36,1.353808955
BD201400000067,3.133333333,7.136054422,102.9938573,1330.850408,91162587.8,8086470.372,208960.7979,0,14331446.89,0,15724105.17,1.274439362
BD201400000068,4.533333333,7.170068027,0,7.198435349,91162587.8,11970946.35,208960.7979,0,14836216.65,0,11631182.61,1.443680148
BD201400000069,4.413793103,6.857142857,0,663.488663,91162587.8,16723584.06,286693.5015,0,14836216.65,0,9521779.835,1.623481292
BD201400000070,4.785714286,7.235827664,0,512.6787306,91162587.8,14514454.66,208960.7979,0,14836216.65,0,11405281.3,1.452790703
BD201400000071,4.133333333,6.532879819,62.37985144,607.4309041,91162587.8,11823418.84,313441.1968,0,12368808.05,0,9758353.241,1.54735005
BD201400000072,4.222222222,7.213151927,1052.79133,1820.397352,91162587.8,23685478.46,0,0,13084057.39,0,2942876.822,1.244427617
BD201400000073,2.896551724,62.03333333,23328.94412,1130.082444,91162587.8,45315467.46,18521860.65,0,871368.365,0,0,0.273596196
BD201400000074,3.448275862,7.935,9169.696351,3361.824222,91162587.8,338917.9585,0,0,417921.5957,0,19220343.78,0.790472826
BD201400000075,2.666666667,9.171428571,9309.083873,7509.302549,91162587.8,2304366.304,0,0,0,0,9850324.495,0.480878847
BD201400000076,3.3,7.253968254,5165.616289,5355.884002,91162587.8,493211.9087,0,0,449974.2962,0,25683694.52,0.925202558
BD201400000077,3.566666667,9.136,24611.31645,9086.477448,91162587.8,3003620.242,0,0,0,0,1451844.157,0.633626552
BD201400000078,1.965517241,7.410430839,4025.522772,4248.246353,91162587.8,0,0,0,1870789.961,0,25775328.09,1.355807193
BD201400000079,1.379310345,6.954545455,24580.18424,6141.984234,91162587.8,52758.28153,0,0,0,0,43659554.09,0.153565958
BD201400000080,2.866666667,9.161904762,5288.513167,4445.454877,91162587.8,0,0,0,313441.1968,0,7066481.382,2.137378775
BD201400000081,3.033333333,9.845804989,7753.437274,1498.701658,91162587.8,17315336.58,0,0,0,0,8604304.512,0.237454991
BD201400000082,2.586206897,9.625,8198.497342,2479.571129,91162587.8,28813992.62,0,0,0,0,3500406.489,0.197723344
BD201400000083,3.5,8.551378446,5445.776592,4882.873682,91162587.8,13524094.53,0,0,662028.0577,0,0,0.246503072
BD201400000084,2.892857143,7.89047619,15548.3755,9868.976065,91162587.8,6926511.327,0,0,86061.54837,0,208960.7979,0.234839974
BD201400000085,3.384615385,6.5875,13975.63262,3713.994792,91162587.8,847159.5955,0,0,104480.3989,903853.0901,2549781.106,0.212692129
BD201400000086,3.185185185,6.683333333,11394.3138,129.9785253,91162587.8,613554.5802,0,0,208960.7979,0,6222600.831,0.607049721
BD201400000087,2.517241379,4.874045802,20858.57627,5902.966972,91162587.8,19957.59037,0,0,104480.3989,0,571462.5167,0.252892701
BD201400000088,3.785714286,7.085714286,5113.108305,4194.006019,91162587.8,13740213.58,0,0,167815.5261,0,0,0.623328214
BD201400000089,3,15.69772727,16959.56372,1162.201349,91162587.8,15095591.48,0,0,417921.5957,0,104480.3989,0.284259401
BD201400000090,3.5,6,4301.321069,2756.282664,91162587.8,1994178.124,0,0,1324923.766,0,940323.5903,0.568407393
BD201400000091,4.428571429,6.736961451,2791.756847,2965.594933,91162587.8,5497645.254,0,0,8815415.514,0,5422382.486,2.279603255
BD201400000092,2.857142857,8.282722513,19842.86803,6053.851162,91162587.8,6083992.364,2121619.1,0,0,0,4654785.564,0.511915197
BD201400000093,3.5,7.133786848,275.6341511,902.5949738,91162587.8,973785.8336,0,0,23522497.44,0,13290934.49,7.482467843
BD201400000094,3.392857143,6.06122449,2438.297011,2507.005284,91162587.8,6410903.166,0,0,15235546.74,0,11359201.49,3.585386487
BD201400000095,3.689655172,5.095238095,9189.421548,5568.118371,91162587.8,5530012.882,0,0,104480.3989,0,1800222.914,0.498098008
BD201400000096,2.551724138,5.913043478,24249.61514,27147.62155,91162587.8,16316258.49,522401.9946,0,104480.3989,0,3808209.558,0.095816126
BD201400000097,3.518518519,11.2,25900.38523,2138.41383,91162587.8,3740584.008,0,522401.9946,940323.5903,0,0,0.601018058
BD201400000098,3.142857143,10.12727273,14853.65998,9582.17896,91162587.8,4532987.505,0,0,0,0,0,0.367548861
BD201400000099,3.392857143,9.128571429,22534.37105,5945.327253,91162587.8,13319543.42,0,0,0,0,835843.1914,0.37833261
BD201400000100,3.448275862,11.6,11845.71237,8260.830242,91162587.8,2260257.576,0,0,0,0,208960.7979,0.910453312
BD201400000101,2.896551724,10.09047619,16037.04449,9910.219875,91162587.8,2332100.074,0,0,522401.9946,0,0,0.708566799
BD201400000102,3.366666667,9.890909091,12015.51738,12050.1775,91162587.8,0,0,0,0,0,0,0.627011626
BD201400000103,3.413793103,12.66498741,5485.398408,576.1270165,91162587.8,0,0,0,0,0,1149284.388,1.015032539
BD201400000104,3.482758621,9.221428571,24065.595,7009.739138,91162587.8,15059944.77,0,208960.7979,0,0,1462725.585,0.380938004
BD201400000105,2.8,7.80952381,21031.23893,5133.244474,91162587.8,0,0,0,208960.7979,0,1224908.478,0.555949424
BD201400000106,3.7,15.02857143,2308.763144,3415.409028,91162587.8,313441.1968,0,0,7795998.537,0,208960.7979,1.875337568
BD201400000107,2.689655172,7.892344498,6224.806217,4290.861103,91162587.8,65635468,208960.7979,1658522.647,0,0,275574.6762,0.30766479
BD201400000108,2.166666667,8.6,20506.2253,3479.14965,91162587.8,4149196.231,0,2929792.017,0,0,6639264.177,0.757815017
BD201400000109,2.551724138,7.923809524,7999.995885,59.58006971,91162587.8,45720108.98,66852.0118,1634057.996,0,0,0,0.309511553
BD201400000110,3.3,7.328571429,13425.10455,5625.024042,91162587.8,4200264.506,0,3931040.705,0,0,27311200.61,0.350824759
BD201400000111,2.793103448,23.49285714,44418.33862,48.68004504,91162587.8,8267367.377,16208090.26,0,0,0,1880647.181,0.128745032
BD201400000112,2.482758621,6.198757764,11295.97679,5422.082418,91162587.8,3646174.044,10391771.83,0,79308.83668,0,3891373.08,0.215732123
BD201400000113,1.75,19.26478873,21469.20246,8235.917831,91162587.8,2974943.521,8513133.989,0,0,0,10896583.53,0.083163031
BD201400000114,1.107142857,19.64031621,42477.74267,23484.62017,91162587.8,22364796.29,6323273.525,0,0,0,313441.1968,0.11822746
BD201400000115,3.413793103,11.98909091,13209.61313,1006.194917,91162587.8,0,0,0,0,0,744668.5201,0.544607095
BD201400000116,3.266666667,9.185941043,93.94493204,590.4175942,91162587.8,3895735.095,0,0,3970255.159,0,4924806.952,1.487953804
BD201400000117,3.178571429,10.7509434,13718.21902,3350.947777,91162587.8,104480.3989,0,0,0,0,0,0.339961955
BD201400000118,3.5,8.754342432,16323.59319,13838.05603,91162587.8,5959350.6,0,0,0,0,0,0.360647351
BD201400000119,2,105.4380952,66834.86286,3788.21764,91162587.8,59000705.47,8920837.421,0,0,0,0,0.079631528
BD201400000120,3.448275862,10.89761905,23215.71269,249.4995833,91162587.8,60562678.1,0,0,0,0,3343372.766,0.183140125
BD201400000121,3.266666667,10.29285714,26565.01223,3230.652089,91162587.8,59227972.81,0,0,0,0,3718708.234,0.204673689
BD201400000122,1.833333333,5.771428571,28256.47293,7585.326617,91162587.8,9927351.315,104480.3989,0,0,0,10762340.29,0.096072486
BD201400000123,1.068965517,-4.571770335,19808.74507,6964.32299,91162587.8,4019286.841,626882.3936,0,0,208960.7979,52293171.2,0.061496173
BD201400000124,3.766666667,8.188095238,28507.40636,2268.06787,91162587.8,40223170.38,0,7033605.196,1044803.989,0,6732453.667,0.876419708
BD201400000125,3.827586207,9.229545455,20018.17031,1065.337045,91162587.8,30768631.69,0,5374.995572,0,0,6908698.1,0.216923841
BD201400000126,1.178571429,6.512761021,51757.96409,19152.23857,91162587.8,6791225.93,23180.85123,2403049.175,0,0,1782778.824,0.105581478
BD201400000127,2.620689655,8.321995465,30376.81207,7950.279037,91162587.8,12720724.13,0,0,0,0,208960.7979,0.205692062
BD201400000128,2.666666667,8.945238095,23571.84099,9425.606291,91162587.8,25090460.68,0,2319089.486,0,0,8085719.038,0.365787552
BD201400000129,2.466666667,6.229665072,44249.42829,19981.27689,91162587.8,4251269.14,171493.2096,932401.2246,0,0,301617.959,0.09651911
BD201400000130,2.033333333,7.554761905,33876.5432,4779.654901,91162587.8,5859100.087,0,0,0,0,0,0.16176941
BD201400000131,1.464285714,72.35454545,28579.26794,7894.655729,91162587.8,78607222.84,5106616.75,0,0,0,0,0.149914876
BD201400000132,4.896551724,8.066666667,0,879.3667987,91162587.8,0,0,0,7313627.925,0,20462829.38,2.353173796
BD201400000133,3.310344828,6.929705215,16828.35899,1110.402651,91162587.8,0,0,0,731362.7925,0,47600983.97,0.377345091
BD201400000134,4.642857143,5.216666667,130.3698961,77.03247792,91162587.8,11954411.86,668352.3025,0,5641941.542,858575.6703,34001159.78,0.809171741
BD201400000135,3.566666667,5.681818182,14912.31403,2258.440493,91162587.8,1149284.388,134713.7267,0,104480.3989,5913697.563,11497307.13,0.203487176
BD201400000136,3.571428571,18.38095238,34420.40189,1808.489181,91162587.8,537900.5971,0,0,417921.5957,0,0,0.479406753
BD201400000137,1.7,6.280701754,26256.06407,30544.69946,91162587.8,11352308.7,1716341.017,0,104480.3989,0,2033003.049,0.084237269
BD201400000138,4.103448276,9.756363636,18821.06156,13441.49165,91162587.8,0,0,0,104480.3989,0,0,0.831074107
BD201400000139,3.464285714,6.552272727,16716.25743,1081.558088,91162587.8,0,0,0,104480.3989,0,26888075.19,0.498114756
BD201400000140,4.24137931,14.76190476,1664.984558,823.0656842,91162587.8,1204523.69,0,0,8513690.64,0,417921.5957,2.279672117
BD201400000141,2.931034483,11.62186788,34877.57336,28.19692796,91162587.8,3759849.622,4964208.303,0,313441.1968,0,2736500.358,0.365050644
BD201400000142,2.892857143,7.458536585,6828.724665,6720.294541,91162587.8,1149284.388,1972150.627,0,104480.3989,0,4216105.104,0.282057135
BD201400000143,3.655172414,9.172727273,288.3512682,55.71910971,91162587.8,5101640.324,0,0,3970255.159,0,5945787.059,1.474060125
BD201400000144,3.333333333,97.45681818,59046.82965,131.174621,91162587.8,45945948.11,12932563.03,0,835843.1914,0,313441.1968,0.307132917
BD201400000145,3.5,9.518181818,33884.99561,1367.605648,91162587.8,53014341.51,0,0,835843.1914,0,610236.8673,0.519169777
BD201400000146,4.033333333,8.1225,26417.43886,3578.534531,91162587.8,39182992.13,0,8609930.876,1044803.989,0,7404278.449,0.85691652
BD201400000147,4.7,8.847619048,22812.64758,1457.891093,91162587.8,27934822.88,0,2292335.098,0,0,6751739.936,0.334075011
BD201400000148,4.642857143,40.91363636,40551.48721,33.22550739,91162587.8,17727868.85,1239579.436,911952.8879,1671686.383,0,73020920.45,0.435779
BD201400000149,4.3,19.19727891,23.18172627,358.3203171,91162587.8,11782261.96,0,0,46004906.52,0,0,6.405951859
BD201400000150,4.571428571,13.09750567,0,131.1673749,91162587.8,1624415.173,0,0,69828992.63,0,7739803.996,12.71657155
BD201400000151,4.448275862,9.214285714,0,539.1395155,91162587.8,417921.5957,0,0,47274750.07,0,15228162.13,11.15543752
BD201400000152,4.75862069,10.20714286,0,800.2543674,91162587.8,4279866.65,0,0,47886956.64,0,9621256.837,6.886170426
BD201400000153,4.733333333,9.5975,0,247.7111638,91162587.8,2444408.901,0,0,55101566.98,0,14412005.63,8.21694083
BD201400000154,4.9,6.144680851,0,912.7669036,91162587.8,0,417921.5957,0,23944701.22,0,7273288.319,20.77289091
BD201400000155,4.233333333,11.26746988,0,130.8486903,91162587.8,1020393.934,17828.18748,0,71444530.25,0,5838263.394,14.35356245
BD201400000156,4.931034483,9.921428571,0,300.6051999,91162587.8,561928.1279,0,0,60664205.55,0,9296709.644,13.66249901
BD201400000157,4.566666667,10.58409786,0,780.248491,91162587.8,867078.1629,449156.5672,0,49774870.66,0,4102494.428,16.10440248
BD201400000158,4.965517241,10.89795918,0,2.152017951,91162587.8,940040.0664,0,0,61550151.96,0,14147535.52,11.53181099
BD201400000159,4.925925926,10.28344671,0,161.1835116,91162587.8,805809.9716,0,0,56797480.23,0,13079277.24,12.91151743
BD201400000161,4,16.86649874,0,161.0069312,91162587.8,1630471.384,0,0,74155336.03,0,4791630.154,13.03333199
BD201400000162,4.655172414,13.32191781,0,1415.551882,91162587.8,1205168.263,417921.5956,0,53284424.64,0,3780320.109,14.50512749
BD201400000163,4,12.25748503,0,56.53840451,91162587.8,8421477.962,0,0,63382942.54,0,12399.45799,8.437212279
BD201400000164,4.9,17.72562358,661.5931182,1185.010012,91162587.8,0,953249.938,0,14691650.2,0,10682853.39,9.808491022
BD201400000165,4.172413793,6.78,3159.988684,93.30582584,91162587.8,0,0,0,1837608.109,0,1400196.583,1.254801102
BD201400000166,3.566666667,9.849282297,4307.976515,897.414237,91162587.8,104480.3989,208960.7978,0,213289.1047,0,6309457.423,0.86834855
BD201400000167,4.517241379,7.756892231,1451.795372,1051.91397,91162587.8,0,576345.5066,0,31743089.01,0,17003235.16,4.391464973
BD201400000168,4.75862069,6.600907029,198.7608907,3650.534684,91162587.8,1538176.554,0,0,27750098.74,0,5503246.583,3.137913712
BD201400000169,4.4,13.90022676,435.9061003,808.2447376,91162587.8,313441.1968,0,0,25937646.16,0,6635658.663,3.321551664
BD201400000170,4.034482759,12.67142857,154.9428179,1072.650994,91162587.8,1232930.975,0,0,30971314.21,0,19829616.17,3.794246131
BD201400000171,2.857142857,13.00680272,30265.98128,2906.797678,91162587.8,1462725.585,0,626882.3936,0,0,1804810.483,0.206662322
BD201400000172,1.714285714,7.852380952,24597.79603,2007.012215,91162587.8,626882.3936,0,0,0,0,1993629.396,0.204240718
BD201400000173,1.333333333,10.26136364,23001.60871,9862.288855,91162587.8,1044803.989,0,1478592.439,0,0,507633.0704,0.167152372
BD201400000174,4.24137931,8.352272727,63.21130364,8707.30264,91162587.8,0,0,0,33838053.01,0,851662.9813,4.527222015
BD201400000175,4.321428571,14.83181818,0,1824.973644,91162587.8,10847386.21,0,0,10101689.36,0,208960.7979,1.581888182
BD201400000176,3.172413793,18.1,6613.654393,2315.721083,91162587.8,5397929.403,0,0,0,0,5454538.506,0.420659865
BD201400000177,3.75,12.33971292,6910.989638,1269.790279,91162587.8,7189038.047,0,0,417921.5957,0,1731600.245,0.536681303
BD201400000178,2.5,15.90714286,38007.26761,4339.382842,91162587.8,17830333.31,0,522401.9946,0,0,8379814.025,0.152135919
BD201400000179,3,4.561363636,30808.82077,7291.103651,91162587.8,1557939.929,0,1945037.413,0,0,19587996.94,0.158781606
BD201400000180,1.766666667,4.65,24027.2209,1772.063717,91162587.8,0,0,0,0,0,1292014.994,0.123543557
BD201400000181,2.655172414,22.53827751,18450.04883,1874.344869,91162587.8,0,0,0,0,0,0,0.2531092
BD201400000182,1.821428571,18.69160998,20508.86596,3094.868021,91162587.8,0,0,0,0,0,940323.5903,0.138244585
BD201400000183,2.666666667,18.84688995,18706.87984,622.4751336,91162587.8,0,0,0,208960.7978,0,731362.7925,0.286107682
BD201400000184,2.866666667,17.74318182,5795.753424,5812.453133,91162587.8,304403.5312,0,0,0,0,28705012.05,0.531377431
BD201400000185,2.230769231,6.909090909,9245.472541,5754.489756,91162587.8,0,0,0,0,0,0,0.175740985
BD201400000186,2.285714286,10.31077694,8855.857515,5386.165964,91162587.8,0,0,0,0,0,0,0.160961136
BD201400000187,1.931034483,8.888636364,19274.26,3268.61665,91162587.8,0,522401.9946,0,313441.1968,0,20419111.1,0.125519394
BD201400000188,2.5,6.436363636,10111.54285,4419.994395,91162587.8,1776166.782,0,0,0,0,7440117.261,0.274458748
BD201400000189,1.814814815,6.173809524,29260.00204,9144.916991,91162587.8,0,0,0,131898.8399,0,32825500.1,0.204200812
BD201400000190,2.620689655,4.65,27775.06991,6988.362105,91162587.8,0,0,0,0,0,2572087.368,0.465159617
BD201400000191,2.4,10.07769424,15436.03625,2541.18444,91162587.8,0,0,0,208960.7979,0,0,1.055100875
BD201400000192,4.222222222,10.98636364,6270.38296,6380.395225,91162587.8,1280390.877,481342.3065,0,522401.9946,1535343.583,22622128.37,1.083354048
BD201400000193,3.333333333,6.327751196,4659.457833,3941.020418,91162587.8,0,1149284.388,0,5856003.838,0,16104319.86,1.559454249
BD201400000194,3.821428571,6.052380952,22.58866096,835.9340284,91162587.8,4071571.276,0,0,9873783.382,0,9768333.2,1.72374023
BD201400000195,1.724137931,6.985714286,33419.34749,3259.012999,91162587.8,0,0,0,0,0,313441.1968,0.108871489
BD201400000196,1.821428571,13.41626794,15804.2231,1135.864438,91162587.8,17260529.92,1044803.989,0,0,0,208960.7978,0.124660946
BD201400000197,2.566666667,18.72248804,11703.14501,306.798714,91162587.8,2021099.291,0,0,104480.3989,0,0,0.695925667
BD201400000198,2,15.01503759,20542.06988,1892.856684,91162587.8,208960.7979,0,0,0,0,0,0.240960696
BD201400000199,3.172413793,14.00453515,1218.622611,257.8358461,91162587.8,313441.1968,0,0,9361973.114,0,3055353.337,1.029296734
BD201400000200,1.724137931,15.53588517,22956.88752,2944.819731,91162587.8,0,0,0,0,0,0,0.186674772
BD201400000201,2.392857143,13.53588517,10860.97677,3797.169117,91162587.8,800134.07,0,0,0,0,0,0.306820372
BD201400000202,2.366666667,16.03409091,12903.69932,589.8317683,91162587.8,0,0,0,0,0,2756784.354,0.33998832
BD201400000203,3.793103448,14.06937799,4496.053795,1140.066903,91162587.8,839666.5147,0,0,1985245.519,0,1609483.457,1.582840582
BD201400000204,4.607142857,8.268181818,0,598.3127974,91162587.8,303932.2947,169040.231,0,59824099.35,0,17128955.3,8.143728447
BD201400000205,4.466666667,7.129251701,0,1289.411326,91162587.8,313441.1968,0,0,63856930.49,0,6686185.286,8.583518084
BD201400000206,3,7.395989975,17226.51073,2752.757691,91162587.8,1599214.322,0,0,0,0,0,0.362203954
BD201400000207,3.966666667,12.01253133,1726.548733,4854.610835,91162587.8,104480.3989,0,0,10057688.33,0,17515120.69,1.311079583
BD201400000208,1.965517241,8.795454545,15934.61081,8859.75376,91162587.8,272387.6251,0,0,0,0,42781890.38,0.237706561
BD201400000209,4.034482759,6.670454545,3741.878563,1289.652054,91162587.8,3665070.871,0,0,4316086.528,0,481236.9899,1.199420852
BD201400000210,1.620689655,10.735,38312.0756,7991.215211,91162587.8,70645.34218,0,0,0,0,14006197.35,0.064696076
BD201400000211,1.766666667,6.725,17845.05706,5852.987477,91162587.8,208960.7978,0,0,0,0,0,0.14889112
BD201400000212,1.620689655,10.26428571,8043.050583,2901.390915,91162587.8,731362.7925,0,0,104480.3989,0,1253764.787,0.175097149
BD201400000213,2.137931034,10.59649123,15230.16156,5258.830382,91162587.8,208960.7979,0,313441.1968,0,0,2270415.061,0.444218167
BD201400000214,3.571428571,11.19799499,24465.17694,975.6807465,91162587.8,417921.5957,6563243.051,0,417921.5957,483423.0758,8501188.946,0.503758976
BD201400000215,1.363636364,11.54761905,22233.68087,10028.43389,91162587.8,286440.3394,1747871.341,0,0,2983704.683,29870565.8,0.115455709
BD201400000216,2.965517241,4.871428571,24173.53295,553.1810276,91162587.8,0,3988311.728,0,0,1480050.412,9458571.276,0.2081858
BD201400000217,2.034482759,7.423809524,21273.96864,1289.724522,91162587.8,6972769.559,0,0,0,0,0,0.207364125
BD201400000218,2.666666667,27.80143541,1966.846188,1552.170462,91162587.8,208960.7979,0,0,5224019.946,0,1321719.089,0.988273056
BD201400000219,2.966666667,19.6047619,11517.20588,1837.913743,91162587.8,417921.5957,11169111.19,0,104480.3989,1614719.132,15236371.99,0.140813336
BD201400000220,3.333333333,14.30861244,21000.05666,6574.059427,91162587.8,6164343.537,0,0,0,0,2402029.03,0.382300574
BD201400000221,2.433333333,15.6047619,15286.80169,4412.67453,91162587.8,0,0,0,3905.952043,0,522401.9946,0.262670968
BD201400000222,2.517241379,15.2047619,4952.332304,5750.59389,91162587.8,13485384.1,417921.5957,417921.5957,0,0,0,0.184510908
BD201400000223,3.137931034,19.5,16159.58485,8818.573216,91162587.8,835843.1914,0,0,0,0,1117181.815,0.366419433
BD201400000224,3.555555556,11.67669173,21225.99352,1942.844268,91162587.8,3709850.033,0,0,208960.7978,0,0,0.504366453
BD201400000225,4.740740741,23.13181818,0,574.3259261,91162587.8,208960.7979,0,0,73714069.2,0,20456372.72,12.51497802
BD201400000226,4.642857143,11.07936508,0,550.4433239,91162587.8,15099.03372,0,0,62799994.25,0,31096008.94,11.14878197
BD201400000227,4.928571429,9.747619048,0,671.9233117,91162587.8,1044803.989,0,0,53545748.42,0,26840610.61,7.665998942
BD201400000229,4.724137931,10.67346939,0,687.3377868,91162587.8,313441.1968,313441.1968,0,67090001.54,0,8908239.084,8.59192021
BD201400000230,4.678571429,8.338095238,0,2126.954346,91162587.8,0,0,0,47234088.23,0,29468830.3,7.413744512
BD201400000231,4.642857143,8.1225,356.5074112,2298.131526,91162587.8,349117.7173,0,0,22324522.92,0,7486686.493,2.441357814
BD201400000232,4.275862069,8.611904762,0,1551.013577,91162587.8,558934.6213,0,0,41576518.92,0,41060688.28,6.317256205
BD201400000233,4.576923077,9.397727273,23997.50867,15926.04609,91162587.8,1087895.874,0,0,0,0,5878616.734,0.526497225
BD201400000234,4.666666667,9.828571429,0,6249.561122,91162587.8,790836.806,0,0,31063572.14,0,15283942.25,4.380598878
BD201400000235,4.466666667,9.392344498,95.27376467,2621.268381,91162587.8,629594.0932,0,0,42715552.43,0,16497117.59,4.988105695
BD201400000236,3.75,13.00226757,13919.97005,186.6523452,91162587.8,7872009.586,0,0,1253764.787,0,3602959.038,0.450449782
BD201400000237,1.433333333,11.31578947,26232.00944,36.89495281,91162587.8,0,835843.1914,0,208960.7979,3877843.521,6915729.981,0.174372508
BD201400000238,2.206896552,13.37727273,14977.18581,609.6156146,91162587.8,522401.9946,0,0,0,0,1149284.388,0.260325847
BD201400000239,3.655172414,21.30238095,1224.695333,1567.453995,91162587.8,626882.3936,0,0,4283696.356,0,0,0.937499045
BD201400000240,4.884615385,18.75837321,21543.89419,234.9817926,91162587.8,159294.17,0,0,1149284.388,0,2593699.094,0.928597907
BD201400000241,1.964285714,12.34285714,17930.87614,1252.635774,91162587.8,0,0,0,417921.5957,0,0,0.269315882
BD201400000242,4.655172414,10.78911565,0,30.35778392,91162587.8,0,0,0,13550841.34,0,4252085.836,1.770769953
BD201400000243,3.8,14.87954545,5040.977293,4656.492,91162587.8,1944077.318,0,0,321683.6701,0,13748339.06,0.878169495
BD201400000244,4.964285714,14.85952381,0,136.3607248,91162587.8,60022.09167,731362.7925,0,57053396.43,0,21808218.26,7.350964636
BD201400000245,4.766666667,8.200501253,0,116.6707673,91162587.8,626882.3936,0,0,52715334.42,0,3922610.2,7.616250118
BD201400000246,4.033333333,6.868480726,2702.725792,816.256046,91162587.8,663086.9404,208960.7979,0,6128881.615,0,26993463.96,1.970989725
BD201400000247,4.533333333,7.532879819,2812.720704,392.6964292,91162587.8,18031014.05,0,0,4589122.031,0,4819158.718,2.249696756
BD201400000248,3.266666667,8.380952381,29628.93945,1615.160914,91162587.8,460465.9985,0,0,0,0,56318.43289,0.204559539
BD201400000249,4.068965517,10.49206349,273.287593,32.95277481,91162587.8,208960.7979,0,0,5224019.946,0,1671686.383,1.118552002
BD201400000250,2.827586207,10.85238095,4288.06734,5836.259631,91162587.8,4853289.97,320703.5116,0,887950.2237,0,0,0.262958807
BD201400000251,4.777777778,20.21818182,0,581.7571319,91162587.8,777227.6983,0,0,47126147.06,0,38254947.21,9.41804221
BD201400000252,4.933333333,17.88721805,0,32.41186498,91162587.8,0,271588.0401,0,78915101.22,0,5091247.256,10.98932225
BD201400000253,4.407407407,9.700680272,0,89.93845988,91162587.8,208960.7979,0,0,62982338.23,0,26032175.9,9.943023637
BD201400000254,5,10.67380952,0,514.8056147,91162587.8,0,313441.1968,0,64828886.1,0,10642886.68,9.645722035
BD201400000255,5,10.17380952,0,126.5006969,91162587.8,208960.7979,0,0,74025044.51,0,18693434.2,12.92112618
BD201400000256,4.928571429,8.321995465,0,207.8012805,91162587.8,0,286011.3648,0,77992588.15,0,5985274.014,11.17643823
BD201400000257,4,11.35,0,47.48392204,91162587.8,835843.1914,0,0,59807429.44,0,26396111.61,9.955149851
BD201400000258,5,10.26190476,0,628.6703072,91162587.8,0,313441.1968,0,63720515.09,0,11417679.24,9.396791079
BD201400000259,4.769230769,10.88809524,0,1763.587176,91162587.8,0,0,0,51667803.05,0,28331472.54,10.28320575
BD201400000260,4.958333333,8.19047619,0,165.0242792,91162587.8,0,0,0,74730040.05,0,5789689.163,10.28320575
BD201400000262,4.896551724,8.973809524,0,193.474775,91162587.8,313441.1968,0,0,58163256.76,0,29935259.86,8.817338342
BD201400000263,5,10.33786848,0,294.5542072,91162587.8,208960.7979,0,0,61356573.39,0,19974164.28,9.747903688
BD201400000264,4.821428571,10.4425,77.31683733,380.1389832,91162587.8,208960.7979,0,0,85619721.1,0,9409851.078,14.49846912
BD201400000265,4.821428571,9.719047619,606.0142355,1069.057156,91162587.8,549924.2585,0,0,32833856.36,0,43863187.02,4.84211562
BD201400000266,5,10.13571429,0,17.28894808,91162587.8,835843.1914,0,0,59596468.48,0,26580723.96,9.955149851
BD201400000267,5,12.2452381,0,12.17242144,91162587.8,208960.7979,0,0,88323449.33,0,7306412.123,14.78105425
BD201400000268,4.633333333,9.2875,0,842.9051513,91162587.8,130.4071867,0,0,65517505.97,0,23393323.69,11.79208686
BD201400000270,4.964285714,10.88809524,181.0712479,583.0325127,91162587.8,0,313441.1968,0,50296062.62,0,10374453.01,7.365033402
BD201400000271,5,12.24036281,0,7.668848887,91162587.8,0,0,0,81689220.45,0,5372035.902,11.52422381
BD201400000273,4.740740741,10.36961451,0,819.3417463,91162587.8,879813.4543,0,0,52456602.72,0,32488248.15,7.169105357
BD201400000274,2.533333333,10.59863946,22272.34007,4310.16207,91162587.8,42934039.71,1358245.186,0,0,0,35768651.33,0.124372978
BD201400000275,2.321428571,8.078571429,30568.97857,2085.679016,91162587.8,12467621.99,266536.7297,2698634.506,0,0,14039467.11,0.118735146
BD201400000276,1.925925926,10.57142857,32279.55705,5469.960976,91162587.8,19161970.18,208960.7978,0,0,0,955596.5384,0.11424051
BD201400000277,1.6,12.67120181,39478.92642,14679.5354,91162587.8,17742369.5,3371663.2,0,0,0,1962761.026,0.081025475
BD201400000278,1.964285714,10.36961451,42942.89905,3500.863185,91162587.8,11985431.01,940323.5903,0,0,0,0,0.063736993
BD201400000279,2,4.8325,41107.61052,1577.676557,91162587.8,4355419.241,927966.8142,0,0,0,0,0.069900093
BD201400000280,3.566666667,5.429545455,1.427148352,71.52226938,91162587.8,0,0,0,1358245.186,0,208960.7979,0.341561046
BD201400000281,2.655172414,6.087719298,8858.382221,9698.353399,91162587.8,0,0,0,0,0,626882.3935,0.322999454
BD201400000282,2.4,4.868181818,14591.92801,1559.395792,91162587.8,0,0,0,93193.04854,0,3488933.428,0.231101836
BD201400000283,2.7,6.197278912,19956.67012,2422.256647,91162587.8,0,0,0,208960.7979,0,2436182.695,0.641036433
BD201400000284,2.5,5.597619048,14009.06686,10071.96474,91162587.8,29142.84002,0,0,0,0,1217356.021,0.26062018
BD201400000285,1.966666667,15.40714286,25538.67717,6567.037751,91162587.8,0,0,0,0,0,6252905.685,0.459791341
BD201400000286,3.4,13.20634921,22888.05279,6005.925286,91162587.8,2318804.929,0,0,0,0,8315514.214,0.307077017
BD201400000287,2.533333333,14.67963387,21841.22951,581.7727718,91162587.8,1232669.51,412737.8341,2075078.425,0,0,27842731,0.251395912
BD201400000288,3.366666667,12.3264095,9384.057374,3286.621864,91162587.8,4283062.945,208960.7979,0,0,0,417921.5957,0.333736839
BD201400000289,3.2,8.816666667,6477.658788,5943.331816,91162587.8,472208.5471,0,0,0,0,1726308.351,0.340678608
BD201400000290,1.896551724,10.2375,11960.55838,5344.364645,91162587.8,9895401.136,1253764.787,2106872.943,0,0,3377143.908,0.230143186
BD201400000291,3.133333333,7.979545455,16937.66299,9409.250701,91162587.8,16400378.26,13657227.22,4274412.996,0,0,31598722.88,0.179331257
BD201400000292,2.933333333,5.168181818,31880.61261,10680.74757,91162587.8,208960.7979,0,0,0,0,21227986.29,0.411098669
BD201400000293,2.7,9.469047619,7227.424555,5103.221728,91162587.8,0,0,0,208960.7979,0,0,0.226310764
BD201400000294,3.233333333,8.7,7504.166821,5192.471381,91162587.8,0,0,0,0,0,835843.1914,0.281554195
BD201400000295,2.533333333,6.502272727,16320.52248,181.7109349,91162587.8,313441.1968,0,0,522401.9946,0,715839.6628,0.411295571
BD201400000296,3.103448276,4.772727273,15406.54358,540.9996557,91162587.8,208960.7979,0,0,522401.9946,0,208960.7978,0.461335842
BD201400000297,2.2,5.740566038,33383.5271,10091.37811,91162587.8,0,0,0,0,0,23188769.97,0.366964312
BD201400000298,2.833333333,11.81203008,15187.56514,6215.831864,91162587.8,313441.1968,0,0,0,0,313441.1968,0.13807251
BD201400000299,2.24137931,11.88333333,8968.224224,8445.620793,91162587.8,0,0,0,0,0,313441.1968,0.149256326
BD201400000300,1.689655172,12.46590909,22384.60792,305.9533593,91162587.8,417921.5957,3309826.888,0,0,0,29463346.65,0.079047105
BD201400000301,3.464285714,11.21666667,12583.57289,16.27943449,91162587.8,3764772.681,7874219.41,12741792.65,104480.3989,0,14154469.87,0.217078255
BD201400000302,2.413793103,10.26932084,7777.239898,9115.626677,91162587.8,11406863.05,26162719.88,3173110.48,0,0,5941965.83,0.168346559
BD201400000303,1.724137931,9.902272727,35858.38374,6939.752794,91162587.8,0,3535427.74,62460.25303,0,0,25845966.34,0.099121065
BD201400000304,3.142857143,10.16190476,23640.85462,3282.338892,91162587.8,2873257.787,2531592.705,0,89874.03894,0,47534078.84,0.106645638
BD201400000305,2.379310345,3.192857143,3535.858645,2216.326971,91162587.8,19391333.47,2871976.808,3407747.393,5689617.474,0,12873932.08,1.080294499
BD201400000306,2.966666667,4.25,7592.481734,7405.566177,91162587.8,1671686.383,1351679.462,0,835843.1914,724506.2645,12106172.39,0.61325778
BD201400000307,2.413793103,3.540669856,20889.75051,3517.066882,91162587.8,0,0,0,0,0,313441.1968,0.3229557
BD201400000308,3.133333333,3.10022779,5120.309903,2086.133907,91162587.8,294603.1218,0,0,608044.3186,0,503563.9197,0.477543651
BD201400000309,2.666666667,2.838095238,8316.703478,6610.302585,91162587.8,0,0,0,626882.3935,0,5860070.234,0.222724968
BD201400000310,2.862068966,5.176870748,3730.163366,6088.372016,91162587.8,522401.9946,0,0,970375.02,0,7920100.537,0.387242792
BD201400000311,3.866666667,15.86848073,4208.03553,3938.920279,91162587.8,313441.1968,126487.8549,0,1594770.321,0,42082.63707,0.824486547
BD201400000312,2.75,18.05801105,9169.037759,1842.758625,91162587.8,0,0,0,0,0,795067.9413,0.194791095
BD201400000313,3.133333333,17.13397129,6705.459883,936.5394676,91162587.8,0,0,0,611345.3836,0,101169.6834,0.418057054
BD201400000314,1.666666667,12.16590909,34126.83569,3406.554106,91162587.8,1106766.823,0,0,0,0,6211451.683,0.176775456
BD201400000315,1.566666667,13.90238095,36614.02311,3921.836107,91162587.8,837040.5665,287622.9111,0,0,0,1384593.349,0.195436734
BD201400000316,2.4,14.8952381,22667.25447,7904.933336,91162587.8,1363001.332,0,0,0,0,904729.9023,0.162311889
BD201400000317,3.571428571,14.025,19306.95404,933.2470171,91162587.8,0,0,0,0,0,1358245.186,0.258642277
BD201400000318,3.033333333,14.02954545,17602.11117,1951.159136,91162587.8,0,0,0,0,0,1149284.388,0.25535264
BD201400000319,3.866666667,7.942857143,4040.75943,3122.339091,91162587.8,0,0,0,1229466.713,0,1992496.294,0.476889095
BD201400000320,2.24137931,9.502380952,24027.22276,1920.904984,91162587.8,3215912.319,0,0,0,0,11288236.32,0.179184434
BD201400000321,2.571428571,7.80861244,37697.24364,6864.452334,91162587.8,1994641.983,313441.1968,3371642.802,0,0,3507223.978,0.159377234
BD201400000322,2.357142857,17.16904762,20266.08394,1344.476066,91162587.8,1966024.644,0,0,0,0,712259.8567,0.170299575
BD201400000323,2.724137931,16.63863636,13460.41667,7135.056324,91162587.8,258099.2929,1198060.568,98276.99012,0,0,93124952.36,0.120824728
BD201400000324,3.392857143,17.640625,17850.54866,2421.945938,91162587.8,1922517.373,0,1353478.839,417921.5957,0,5695275.343,0.292137365
BD201400000325,2.620689655,6.188636364,33868.67943,255.9112462,91162587.8,1358245.186,417921.5957,0,0,0,14342668.13,0.134588145
BD201400000326,3,7.154545455,688.6579448,276.6859121,91162587.8,1812110.914,2053319.007,7304994.704,1671686.383,0,33041778.77,0.697975355
BD201400000327,3.166666667,6.639455782,4768.665162,3042.922081,91162587.8,2511283.018,0,0,700886.1763,0,49243551.64,0.389892932
BD201400000328,2.733333333,1.557416268,35746.89075,845.8934772,91162587.8,2547655.862,1122954.292,0,25611.33202,0,54255485.62,0.077295378
BD201400000329,3.103448276,6.451388889,12065.9648,8267.047867,91162587.8,3343372.766,6649759.647,14342121.02,0,0,16132201.65,0.121730596
BD201400000330,3.785714286,4.665909091,24071.02811,170.1128044,91162587.8,35216026.87,2525414.943,0,1149284.388,0,5048701.022,0.401473317
BD201400000331,3.346153846,4.943181818,31385.49203,5346.92427,91162587.8,2365204.834,1367750.309,0,522401.9946,0,23919809.62,1.019238839
BD201400000332,3.25,4.714285714,91.60882842,813.3196581,91162587.8,0,0,0,1358245.186,0,208960.7979,0.33941276
BD201400000333,4.75862069,2.403892944,1464.185916,3240.795137,91162587.8,0,0,0,1880647.181,0,0,0.549154448
BD201400000334,2.466666667,3.586466165,14951.20421,1211.060469,91162587.8,0,0,0,417921.5957,0,5726938.164,0.594199547
BD201400000335,4.185185185,6.590909091,17473.0695,487.9340543,91162587.8,10365314.75,1830414.931,1044803.989,731362.7925,0,7071233.163,0.587910541
BD201400000336,3.366666667,4.233333333,12085.41227,4962.235583,91162587.8,3134248.122,0,0,313441.1968,0,836157.763,0.41043492
BD201400000337,4.724137931,15.62,408.6993123,18.50432898,91162587.8,1689535.204,0,0,6791225.93,0,1044803.989,1.570038993
BD201400000338,4.678571429,15.01190476,1.229299716,460.755854,91162587.8,1500846.428,0,0,6791225.93,0,741073.1613,1.445248774
BD201400000339,3.7,12.50852273,34423.06371,10420.99459,91162587.8,0,0,0,626882.3936,0,33776533.77,1.102508695
BD201400000340,3.892857143,7.166666667,841.9366722,15.56293504,91162587.8,313441.1968,0,0,3134411.968,0,208960.7979,0.743597192
BD201400000341,2.5,9.719047619,16118.27423,674.7452029,91162587.8,208960.7979,0,0,522401.9946,0,672118.1384,0.458066049
BD201400000342,3.518518519,10.185,6877.728608,303.4825763,91162587.8,0,1053971.601,0,0,0,13416226.82,0.208682964
BD201400000343,1.965517241,9.412698413,16034.07057,6362.07873,91162587.8,32247736.34,17727961.99,186410.0235,0,0,6511823.782,0.132845104
BD201400000344,3.714285714,7.875862069,0,324.560197,91162587.8,0,609996.9917,0,10856095.46,0,14781115.73,1.242899076
BD201400000345,4.275862069,10.72248804,8873.790822,8846.765639,91162587.8,0,0,0,626882.3936,0,243438.7471,0.474002301
BD201400000346,4.6,11.32619048,23937.70501,2224.634781,91162587.8,417921.5958,0,0,835843.1914,0,0,0.615177749
BD201400000347,4.413793103,3.816666667,7.712243054,202.924381,91162587.8,0,0,0,1776166.782,0,2147805.66,0.578426997
BD201400000348,1.666666667,4.222488038,22047.64044,2357.088432,91162587.8,3856347.592,0,835843.1914,0,0,4248303.756,0.202790829
BD201400000349,3.230769231,13.85952381,13263.92715,7663.186453,91162587.8,756261.8366,0,0,0,0,24157942.99,0.251145204
BD201400000350,4,15.52857143,522.6170558,551.8192107,91162587.8,14829002.85,0,4301972.119,17556151.93,0,32340090.37,2.304982306
BD201400000351,3.793103448,10.01428571,555.6870786,1326.619614,91162587.8,8320989.754,0,3799786.995,20344544.8,0,35609763.42,2.297904583
BD201400000352,4.333333333,17.54524362,867.9795947,1305.367872,91162587.8,14437375.05,5575893.736,3524298.161,17429600.47,0,13443170.31,2.279444846
BD201400000353,3.233333333,5.779545455,0,429.0790257,91162587.8,6464070.256,301869.5745,1388467.184,26954686.61,0,18073099.2,2.869809106
BD201400000354,4.655172414,4.529209622,0,435.4714353,91162587.8,3759021.679,0,313441.1968,18747549.57,0,12063886.39,2.277772865
BD201400000355,4.517241379,5.408163265,0,18.18890624,91162587.8,5618793.58,187596.2583,1113444.707,21957117.29,0,11092671.91,2.50504801
BD201400000356,4.793103448,4.922902494,268.2280314,406.2814918,91162587.8,4652807.07,0,2554524.065,24350348.53,0,24749550.92,2.520621873
BD201400000357,4.551724138,5.380952381,0,219.53566,91162587.8,3916486.288,0,894780.5867,23478450.09,0,20074536.44,2.634728689
BD201400000358,4.566666667,5.178571429,0,114.4380046,91162587.8,3226624.065,0,1926422.403,22181216.18,0,22445076.68,2.415240748
BD201400000359,3.034482759,4.7475,10377.97651,6864.805547,91162587.8,0,0,60523.70827,0,0,1247182.919,0.348047521
BD201400000360,1.892857143,5.221428571,15239.82221,1668.824243,91162587.8,0,0,0,0,0,195115.3362,0.170933028
BD201400000361,2.178571429,4.777777778,6800.060676,6158.701478,91162587.8,0,0,0,0,0,0,0.269557727
BD201400000362,1.766666667,4.780952381,10020.24957,3355.34308,91162587.8,0,0,0,0,0,522401.9946,0.198127836
BD201400000363,2.793103448,4.661904762,10159.63008,3676.944931,91162587.8,0,0,0,0,0,0,0.328581274
BD201400000365,2.642857143,19.45804989,14766.02136,7747.857626,91162587.8,0,0,0,0,0,3034610.334,0.326558344
BD201400000366,3.535714286,16.59285714,317.5265512,1056.284766,91162587.8,0,0,0,15388250.95,0,0,1.94719778
BD201400000367,2.206896552,20.04761905,13126.45022,8289.061336,91162587.8,0,0,0,417921.5957,0,1069495.826,0.277205858
BD201400000368,1.933333333,16.72857143,14826.15679,48.89844848,91162587.8,0,0,0,104480.3989,0,0,0.472075562
BD201400000369,2.3,19.78181818,16607.12863,7297.451344,91162587.8,0,0,0,0,0,3304008.305,0.224481594
BD201400000370,2.862068966,17.56904762,9135.860427,2808.808372,91162587.8,0,0,0,0,0,930410.5863,0.199606063
BD201400000371,2.75,18.94331066,18369.23175,702.7163012,91162587.8,0,0,0,0,0,313441.1968,0.465069652
BD201400000372,2.517241379,21.05,9078.684662,598.196444,91162587.8,0,0,0,940323.5903,0,0,0.359694511
BD201400000373,2.576923077,16.67919799,13616.86718,525.377107,91162587.8,0,0,313441.1968,104480.3989,0,42753135.9,0.13115302
BD201400000374,3.178571429,21.55952381,9291.676784,2376.340718,91162587.8,0,0,0,0,0,522401.9946,0.261334586
BD201400000375,2.379310345,18.8,29686.81145,1151.955659,91162587.8,0,0,208960.7978,0,0,28891576.38,0.167508966
BD201400000376,2.433333333,21.57655502,27125.20821,367.3409734,91162587.8,0,0,0,0,0,10427921.8,0.204859825
BD201400000377,3.2,22.04784689,20231.73533,2689.651825,91162587.8,0,0,0,522401.9946,0,424884.7,0.566203525
BD201400000378,2.75862069,24.30382775,7157.646026,417.0430594,91162587.8,0,0,0,0,0,357363.3673,0.451203842
BD201400000379,1.642857143,14.65079365,24228.90647,308.7794329,91162587.8,0,0,0,0,0,818665.8815,0.251241772
BD201400000380,1.233333333,21.07482993,37560.2189,4838.950693,91162587.8,0,0,0,0,0,313441.1968,0.184981551
BD201400000381,3,18.28798186,9961.731696,5400.626521,91162587.8,0,0,522401.9946,288329.1743,0,36160020.63,0.284421324
BD201400000382,2.4,18.96650718,13049.3725,786.5605596,91162587.8,0,0,0,0,0,524283.7043,0.301122878
BD201400000383,2.166666667,19.67942584,17832.79059,10104.97817,91162587.8,1776166.782,0,0,0,0,10498577.37,0.184606102
BD201400000384,2.689655172,18.29573935,13501.48509,9777.035262,91162587.8,0,0,0,1044803.989,0,4829446.377,0.537800567
BD201400000385,1.75862069,25.12727273,8673.610609,5640.660262,91162587.8,0,0,0,0,0,208960.7979,0.288688369
BD201400000386,3.4,33.025,12922.95749,11778.4729,91162587.8,208960.7979,0,0,208960.7978,0,45868463.75,0.202054284
BD201400000387,2.310344828,14.56220096,10352.11503,3971.211538,91162587.8,0,0,0,0,0,7502244.052,0.300353331
BD201400000388,2.266666667,17.70909091,14249.28652,10798.23133,91162587.8,4229679.735,0,1223938.734,417921.5957,0,13827089.31,0.413327238
BD201400000389,2.285714286,13.08409091,11775.88331,5194.880337,91162587.8,0,0,0,0,0,586411.8467,0.212501402
BD201400000390,2.034482759,12.5875,6357.747878,5658.864206,91162587.8,0,1044803.989,0,37349.62817,626882.3936,14622100.08,0.202467673
BD201400000391,2.8,14.38409091,6613.046144,4094.66953,91162587.8,141815.4382,0,0,568421.6113,0,18371200.96,0.234392054
BD201400000392,2.785714286,14.14536341,8782.451191,1588.048799,91162587.8,0,3029931.569,0,2725891.708,626882.3936,29846187.91,0.295168221
BD201400000393,1.172413793,14.35227273,32466.89913,6321.196713,91162587.8,0,896872.7439,0,0,0,20778390.43,0.110152723
BD201400000394,2.24137931,24.00496278,25064.30211,2780.333197,91162587.8,0,0,0,417921.5957,0,3496396.043,0.281135291
BD201400000395,1.857142857,33.49761905,15624.9911,242.3951639,91162587.8,0,0,208960.7979,0,0,7098278.765,0.310591993
BD201400000396,3.814814815,22.23129252,3136.529682,312.8768648,91162587.8,417921.5957,0,0,1523941.538,0,1649173.457,1.003237922
BD201400000397,3.068965517,23.09047619,7980.548777,2749.416264,91162587.8,208960.7979,154903.696,0,0,0,1638613.921,0.435003887
BD201400000398,3.344827586,23.60454545,1809.581407,327.2059409,91162587.8,0,0,0,10186891.05,0,208960.7979,1.783690661
BD201400000399,2.766666667,9.401360544,34825.20514,8173.601955,91162587.8,417921.5958,0,0,208960.7978,0,7315853.224,0.412615896
BD201400000400,1.533333333,12.56937799,32136.96958,766.0590366,91162587.8,208960.7979,0,0,0,0,30657613.91,0.15359771
BD201400000401,2.433333333,11.90430622,22636.80486,3612.00155,91162587.8,0,0,0,0,0,15809242.94,0.209577564
BD201400000402,2.8,17.24489796,27670.15253,7825.476763,91162587.8,0,0,0,0,0,24399469.81,0.153773396
BD201400000403,2.793103448,15.92272727,19583.56415,5094.985667,91162587.8,0,0,0,289123.5676,0,12144568.95,0.245557987
BD201400000404,3.517241379,15.61666667,12890.13305,196.5742032,91162587.8,0,0,0,0,0,13581256.55,0.317226767
BD201400000405,2.5,10.72380952,13617.52304,608.3702706,91162587.8,0,0,0,626882.3935,0,4343253.322,0.326556519
BD201400000406,3.833333333,9.022727273,12467.17478,1554.107957,91162587.8,0,0,0,1091135.367,0,1053207.703,0.420616305
BD201400000407,2.666666667,16.9175,30885.57994,2523.604081,91162587.8,0,0,0,0,0,29272791.54,0.21698705
BD201400000408,2.586206897,16.525,17516.73998,4812.840188,91162587.8,0,0,0,626882.3936,0,3678794.424,0.493106911
BD201400000409,2.466666667,16.41136364,4599.477518,908.4560864,91162587.8,0,391211.3759,0,364501.1561,0,6356407.231,0.681291737
BD201400000410,1.586206897,24.20257235,15651.23318,6785.060653,91162587.8,0,4177597.157,0,0,0,19094666,0.057563345
BD201400000411,1.9,17.55,13568.71677,5546.404644,91162587.8,0,0,0,104480.3989,0,1466888.7,0.32803113
BD201400000412,1.068965517,18.22619048,20768.40043,11328.50162,91162587.8,338309.7872,7880389.616,0,104480.3989,23304.74171,37311618.41,0.149988747
BD201400000413,1.785714286,17.17703349,24338.91374,7935.23574,91162587.8,0,6777821.661,0,522401.9946,0,31109104.37,0.277193777
BD201400000414,2.655172414,14.2175,14895.38441,405.8890664,91162587.8,0,394136.898,0,0,0,0,0.1575688
BD201400000415,1.7,14.72857143,8166.799072,5823.95087,91162587.8,0,0,0,104480.3989,0,28526125.47,0.303767572
BD201400000416,2.103448276,14.44019139,13040.52205,3002.02308,91162587.8,0,0,0,104480.3989,0,2194088.377,0.581266871
BD201400000417,2.827586207,14.79318182,17073.35124,514.025374,91162587.8,0,0,0,38227.66924,0,1298825.158,0.426569976
BD201400000418,4.72,8.447727273,218.8904474,453.5448306,91162587.8,0,0,0,16553288.68,0,497891.8461,1.958671604
BD201400000419,4.928571429,9.114285714,0,45.37770363,91162587.8,0,0,0,19204544.91,0,0,2.278897034
BD201400000420,3.827586207,16.68027211,1328.031485,592.8898255,91162587.8,0,0,148218.7111,15478459.2,0,430862.3218,1.837052809
BD201400000421,3.344827586,11.705,0,278.4715452,91162587.8,0,0,0,1567205.984,0,0,0.813883403
BD201400000422,3.620689655,14.61666667,1018.340563,1690.639152,91162587.8,0,0,0,13419990.07,0,0,1.76826106
BD201400000423,3.666666667,13.4452381,13281.57854,446.8341673,91162587.8,0,0,0,0,0,0,0.234526286
BD201400000424,1.896551724,21.42380952,10470.02994,27.54445808,91162587.8,0,0,0,0,0,0,0.354055776
BD201400000425,4.103448276,21.49206349,2372.784832,31.10941848,91162587.8,0,0,0,4220376.077,0,5242644.178,0.998984759
BD201400000426,3.444444444,21.2547619,2208.559992,877.9831975,91162587.8,0,0,0,4574148.177,0,10361534.59,1.021717266
BD201400000427,3.866666667,19.35,13158.03292,10705.94663,91162587.8,0,0,0,1044803.989,0,8465048.051,0.547927601
BD201400000428,3.142857143,20.84580499,816.0004996,2962.205405,91162587.8,0,0,0,3656813.962,0,1776166.782,0.934882631
BD201400000429,3.033333333,19.91666667,13811.33838,528.0318699,91162587.8,0,0,0,0,0,0,0.267490183
BD201400000430,3.366666667,21.40430622,0,856.1194247,91162587.8,0,0,0,14491642.82,0,17731823,1.263221848
BD201400000431,3.482758621,16.75963719,33122.61661,2608.072451,91162587.8,0,2018016.965,0,626882.3936,835843.1914,21853426.35,0.404416097
BD201400000432,4.266666667,16.58333333,0,11.03967633,91162587.8,0,0,0,4597137.553,0,7422235.871,1.662433464
BD201400000433,4.851851852,12.85714286,0,499.7839854,91162587.8,0,0,0,10343559.49,0,407620.2166,1.864023864
BD201400000434,2.8,16.5215311,22057.93576,724.5069816,91162587.8,2820970.771,417921.5957,0,1922700.208,0,4954831.066,0.247352521
BD201400000435,3.633333333,38.33809524,16571.04913,7176.156863,91162587.8,0,0,0,208960.7978,0,10667802.17,0.259504563
BD201400000436,3.655172414,23.30227273,2109.145666,1582.377515,91162587.8,0,5143164.549,0,3638881.744,626882.3936,24514925.57,1.263502876
BD201400000437,1.633333333,10.20952381,19903.20761,1329.90769,91162587.8,0,0,0,0,0,12046380.37,0.316302413
BD201400000438,2.793103448,16.1937799,9055.283218,5354.990724,91162587.8,0,0,0,202318.3108,0,483203.2233,0.55192173
BD201400000439,5,15.69856459,314.6762834,155.611801,91162587.8,313441.1968,1572512.456,0,7522588.723,0,13090435.51,0.923070098
BD201400000440,4.2,17.88181818,0,580.2237197,91162587.8,313441.1968,2587926.916,0,7522588.723,142617.6616,23640015.19,0.88623175
BD201400000441,4.75862069,16.74829932,0,180.6416173,91162587.8,0,2831707.693,0,19502591.6,1293477.221,20442019.72,3.09480757
BD201400000442,4.8,18.27272727,0,67.38806271,91162587.8,0,8370526.778,0,20734078.84,2543508.266,25063741.39,3.132640112
BD201400000443,4.714285714,20.40136054,455.2963915,108.688303,91162587.8,0,9916091.73,0,13004271.67,132111.8465,21742322.39,2.473102913
BD201400000444,4.357142857,14.94104308,794.4673374,761.7301766,91162587.8,0,1780934.583,0,19398014.88,1089219.734,14308711.41,3.139325752
BD201400000445,3.3,15.28798186,1262.84746,1011.025778,91162587.8,0,0,0,16093778.72,0,2457893.208,3.009459261
BD201400000446,2.65,14.49772727,10378.4231,4723.297295,91162587.8,0,0,0,0,0,0,0.526797868
BD201400000447,2.4,18.6047619,5233.904326,713.2717348,91162587.8,0,1044803.989,0,750680.211,0,2918869.302,0.269299663
BD201400000448,2.517241379,18.82,7337.528957,3522.94533,91162587.8,0,0,0,104480.3989,0,0,0.311347263
BD201400000449,1.8,18.92142857,7969.090727,3075.315526,91162587.8,0,0,0,0,0,104480.3989,0.209610513
BD201400000450,2.724137931,18.73863636,9563.390412,9104.073959,91162587.8,0,0,0,104480.3989,0,0,0.287117135
BD201400000451,2.172413793,19.75238095,10785.08184,5669.706384,91162587.8,0,0,0,0,0,0,0.435093848
BD201400000452,2.866666667,28.49305556,6122.565117,5149.07608,91162587.8,0,0,0,0,0,731362.7925,0.437528793
BD201400000453,2.666666667,46.64090909,10637.64588,10309.50706,91162587.8,0,0,0,104480.3989,0,474004.8958,0.284331598
BD201400000454,2.103448276,36.37844612,0,1550.151296,91162587.8,0,0,0,10709705.58,0,626882.3936,1.027667677
BD201400000455,2.275862069,39.35588972,14364.94577,4370.45126,91162587.8,1358245.186,0,0,0,0,522401.9946,0.194414602
BD201400000456,1.7,43.20300752,8423.781387,6122.4638,91162587.8,0,0,0,0,0,940323.5903,0.228007208
BD201400000457,2.333333333,31.46779661,7852.26948,2801.326629,91162587.8,0,0,0,108583.1688,0,522401.9946,0.329634614
BD201400000458,2.4,27.48275862,2408.467668,760.8324567,91162587.8,0,0,0,2089607.979,0,1760056.588,0.685999899
BD201400000459,1.678571429,43.01428571,13209.43484,531.438993,91162587.8,0,0,0,0,0,797732.4105,0.166440842
BD201400000460,1.269230769,37.84210526,17679.49695,2782.763183,91162587.8,0,0,0,313441.1968,0,2559730.992,0.215571925
BD201400000461,2,27.6047619,17660.82733,3022.577835,91162587.8,0,0,0,313441.1968,0,2819316.51,0.229804566
BD201400000462,2.111111111,35.32330827,9566.113433,7757.657153,91162587.8,1044803.989,0,0,0,0,3934306.562,0.306732452
BD201400000463,1.827586207,34.31972789,13668.13143,4632.153288,91162587.8,0,0,0,0,0,1631302.51,0.174822601
BD201400000464,2.038461538,24.3547619,17116.67751,4966.739275,91162587.8,0,0,0,0,0,1860382.782,0.163350061
BD201400000465,2.25,24.35,14764.42724,5948.250679,91162587.8,0,0,0,313441.1968,0,3865774.76,0.273307064
BD201400000466,2.035714286,21.27857143,22844.17414,428.474979,91162587.8,0,851698.7987,0,0,0,551147.824,0.195382001
BD201400000467,2.357142857,21.24090909,25824.30903,5573.771912,91162587.8,0,0,0,0,0,1358245.186,0.231615732
BD201400000468,2.2,22.40714286,31697.22422,4612.517051,91162587.8,0,1261332.263,0,0,0,9696931.497,0.261522774
BD201400000469,1.862068966,25.30075188,10088.66316,8156.901786,91162587.8,0,1321763.26,0,0,0,4726568.774,0.142290417
BD201400000470,1.928571429,25.61904762,5149.950264,429.8425963,91162587.8,0,2298568.776,0,0,0,7621568.189,0.162915406
BD201400000471,1.966666667,21.4547619,11141.62222,1941.265962,91162587.8,0,525534.9471,0,0,0,3823792.244,0.169539405
BD201400000472,1.75862069,25.83571429,19163.27644,824.2079887,91162587.8,0,1044803.989,0,835843.1914,0,4460894.745,0.237451477
BD201400000473,1.482758621,27.13636364,26617.92309,6795.720049,91162587.8,208960.7979,922435.4267,0,0,208960.7979,3022135.688,0.123720975
BD201400000474,2.107142857,30.59308511,16278.08162,6635.464994,91162587.8,0,3843909.716,0,0,0,9140256.583,0.169740065
BD201400000475,1.896551724,30.65759637,23156.75718,2468.344375,91162587.8,0,2448770.657,0,522401.9946,0,4115223.657,0.19938457
BD201400000476,1.964285714,28.98095238,3207.444048,2225.466699,91162587.8,0,0,0,1747347.421,0,626882.3936,0.656548609
BD201400000477,2.103448276,29.71666667,27434.07475,13551.49934,91162587.8,0,3312422.978,0,208960.7979,0,8063018.078,0.443966472
BD201400000478,2.357142857,30.68170426,18875.78917,3558.174797,91162587.8,626882.3936,7969420.554,0,0,0,11989618.76,0.340465299
BD201400000479,2.2,25.84761905,3065.227334,3135.258719,91162587.8,0,163675.0121,0,1362051.285,0,2324923.634,0.732168521
BD201400000480,1.793103448,28.11111111,11243.12399,5678.327185,91162587.8,313441.1968,0,0,0,0,0,1.115999126
BD201400000481,1.5,25.92380952,14800.42651,8107.695118,91162587.8,0,2298568.776,0,0,0,4644630.122,0.505989497
BD201400000482,1.833333333,34.81363636,14341.43316,2562.800421,91162587.8,0,0,0,713640.3175,0,0,0.406258685
BD201400000483,2,48.94857143,13034.1461,4928.866791,91162587.8,0,0,0,0,0,313441.1968,0.251761794
BD201400000484,2.233333333,39.21553885,17789.15277,707.9925569,91162587.8,522401.9946,0,0,0,0,0,0.275293614
BD201400000485,2.2,32.91904762,4642.419068,2211.116643,91162587.8,0,0,0,956078.027,0,0,0.609762852
BD201400000486,2.9,67.44444444,2733.378026,635.9085304,91162587.8,0,0,0,1776166.782,0,866567.8939,0.711812752
BD201400000487,2.517241379,62.48351648,11012.60402,4326.859227,91162587.8,142198.8118,0,0,0,0,0,0.202056334
BD201400000488,2.1,53.88755981,20005.51408,2873.701171,91162587.8,1044803.989,0,0,0,0,0,0.247277527
BD201400000489,1.766666667,49.6291866,4685.858641,7109.369985,91162587.8,6462325.026,0,0,123423.2386,0,0,0.378904916
BD201400000490,2.4,42.65311005,17423.97425,18705.37292,91162587.8,0,0,0,835843.1914,0,0,0.439895394
BD201400000491,1.964285714,45.7952381,17476.30465,522.9147549,91162587.8,0,0,0,728479.3434,0,1088768.261,0.234598136
BD201400000492,2.551724138,49.63333333,15108.58915,2763.623606,91162587.8,120526.4033,1234405.792,0,0,0,7054716.411,0.236597907
BD201400000493,2.642857143,71.1937799,9179.055919,1380.048006,91162587.8,104480.3989,0,0,0,0,1274863.761,0.330522384
BD201400000494,2.133333333,59.15,7019.112317,744.2153649,91162587.8,0,0,0,0,0,1679584.449,0.391157304
BD201400000495,3.035714286,77.9784689,3173.085413,369.3164396,91162587.8,0,0,0,3547011.457,0,0,0.98555852
BD201400000496,2.5,88.36977492,15036.58343,4232.60265,91162587.8,0,0,0,0,0,1314557.601,0.213943671
BD201400000497,1.366666667,33.56136364,12274.82511,1512.931969,91162587.8,0,0,0,0,0,862270.2296,0.210297925
BD201400000498,2.633333333,38.7525,11955.79537,3199.021551,91162587.8,104480.3989,170354.6619,0,0,0,2498666.879,0.315287228
BD201400000499,1.724137931,31.73571429,15128.72386,1342.880315,91162587.8,0,702818.3654,0,0,0,2120101.867,0.259523044
BD201400000500,2.633333333,36.57894737,20602.67636,6552.08944,91162587.8,0,0,0,104480.3989,0,1791711.612,0.24997141
BD201400000501,2.2,33.1075,24385.72583,6360.321461,91162587.8,0,0,0,0,0,2298568.776,0.222710562
BD201400000502,1.833333333,29.78181818,23163.53258,8726.193129,91162587.8,0,0,0,0,0,0,0.304939204
BD201400000503,2.3,33.6625,29885.35214,10740.03298,91162587.8,0,0,0,0,0,325591.0832,0.27888497
BD201400000504,1.466666667,31.27619048,17210.05791,5431.078564,91162587.8,208960.7979,0,0,0,0,898183.8132,0.405173073
BD201400000505,2.766666667,30.33106576,1631.610829,168.8966889,91162587.8,0,0,0,5654630.162,0,0,0.934009659
BD201400000506,2.413793103,25.95739348,8525.876452,6030.379441,91162587.8,0,0,0,0,0,626882.3935,0.245079569
BD201400000507,2.7,27.15311005,878.5365747,763.1049286,91162587.8,0,0,0,1358245.186,0,0,0.351814854
BD201400000508,4.068965517,50.38576779,280.711426,727.1425055,91162587.8,0,0,0,1985127.58,0,0,0.673594889
BD201400000509,1.433333333,44.75443038,6579.489936,1169.326295,91162587.8,0,0,0,0,0,0,0.279369711
BD201400000510,4.538461538,43.78409091,0,188.3292407,91162587.8,0,0,0,16931103.67,0,626882.3936,1.423088631
BD201400000511,4.851851852,56.2,192.9865789,426.2845963,91162587.8,0,0,0,16072956.34,0,626882.3936,1.336419031
BD201400000512,4.785714286,54.37799043,249.4001929,486.8282235,91162587.8,0,0,0,2089607.979,0,2291986.909,0.779819198
BD201400000513,2.5,28.47954545,24306.59651,1047.345981,91162587.8,0,0,0,940323.5903,0,1565049.086,0.646122761
BD201400000514,1.966666667,32.60651629,24396.78655,2299.083474,91162587.8,417921.5957,8433938.662,0,104480.3989,5007187.772,19504982.93,0.149410914
BD201400000515,2.724137931,41.40669856,25678.28618,1205.182439,91162587.8,62541.22228,5601448.022,0,522401.9946,289764.8483,14552019.72,0.189993712
BD201400000516,3.666666667,36.32619048,1158.432721,1888.94558,91162587.8,0,2115313.548,0,2716490.372,0,9413937.123,0.621880033
BD201400000517,1.5,35.98639456,14632.50918,1566.563371,91162587.8,0,0,0,835843.1914,0,3230277.347,0.21852134
BD201400000518,4.266666667,23.55238095,16399.49414,610.6662129,91162587.8,0,0,0,731362.7925,0,1168356.169,0.250443567
BD201400000519,3.103448276,22.47727273,1695.657179,305.1912277,91162587.8,0,221438.1712,0,1776166.782,0,2092187.59,0.766559153
BD201400000520,2.7,19.89712919,18153.07711,250.0043552,91162587.8,0,0,0,1044803.989,0,0,0.511173679
BD201400000521,4.24137931,24.4962406,132.2914144,350.2834897,91162587.8,0,0,0,1776166.782,0,202137.0253,0.835314744
BD201400000522,4.6,28.42954545,147.1212887,1225.320781,91162587.8,0,0,0,6164343.537,0,0,1.149483085
BD201400000523,4.25,29.81666667,17217.86584,5828.23985,91162587.8,710483.2507,0,0,0,0,0,0.256758446
BD201400000524,2.733333333,27.85227273,13022.68322,179.7516715,91162587.8,0,0,0,731362.7925,0,208960.7979,0.343446047
BD201400000525,3.033333333,34.2047619,2163.491333,988.1784909,91162587.8,0,4229331.559,0,1880647.181,0,2314142.997,0.336548359
BD201400000526,4.642857143,54.95238095,0,139.74572,91162587.8,208960.7978,0,0,13991128.1,0,812458.9421,2.082003111
BD201400000527,3.655172414,48.54421769,257.4014653,1066.838232,91162587.8,127963.8884,0,0,13733899.24,0,771206.7684,2.028425336
BD201400000528,3,41.2406015,1904.353663,173.5811494,91162587.8,0,0,0,7809794.421,0,150161.7237,1.377028201
BD201400000529,1.633333333,58.15952381,32634.43106,14135.91443,91162587.8,417921.5957,0,0,0,0,835843.1914,0.468590369
BD201400000530,4.482758621,34.47857143,41.33067376,804.2280477,91162587.8,0,0,0,5850902.34,0,208960.7978,0.994241538
BD201400000531,1.9,33.01363636,10929.36473,3817.471206,91162587.8,35452414.26,626882.3936,0,0,0,2488878.619,0.812819886
BD201400000532,1.366666667,34.72248804,16876.59004,3195.525153,91162587.8,2925451.17,150093.1852,0,208960.7978,0,208960.7979,0.240851534
BD201400000533,1.433333333,34.32199546,2799.833329,2720.554586,91162587.8,313441.1968,0,0,1462725.585,0,1149284.388,0.508691817
BD201400000534,2.448275862,33.4025,23005.05721,1798.58984,91162587.8,384446.9843,0,0,0,0,0,0.312553616
BD201400000535,2.724137931,40.87962963,15074.51162,6343.873126,91162587.8,15167518.26,0,0,0,0,0,1.100040085
BD201400000536,3.1,54.16190476,5079.878343,1241.367833,91162587.8,0,0,0,520311.5847,0,0,0.465322715
BD201400000537,1.8,35.15037594,8955.800624,4668.57248,91162587.8,0,0,0,104480.3989,0,3029931.569,0.188252153
BD201400000538,2.821428571,10.05952381,25245.82096,8097.256256,91162587.8,0,0,0,0,0,0,0.817249621
BD201400000539,2.866666667,9.871428571,24781.05045,2740.132969,91162587.8,21978348.69,831547.382,0,104480.3989,0,0,0.771723879
BD201400000540,2.2,20.70068027,25380.40538,15023.88271,91162587.8,0,0,0,0,0,7217004.739,0.961533519
BD201400000541,2.642857143,21.39318182,29536.79225,10381.99914,91162587.8,417921.5958,0,1671686.383,0,0,4628152.107,0.299325022
BD201400000542,2.428571429,11.77045455,32489.49027,13573.26105,91162587.8,897538.7228,0,0,0,0,2152428.899,0.168485322
BD201400000543,3.607142857,9.342857143,38163.69816,4237.193445,91162587.8,9713132.87,0,0,0,0,1508053.67,0.319481818
BD201400000544,2.666666667,14.26273458,9831748.945,9827935.848,91162587.8,21355818.09,179952.4827,0,0,0,3401485.004,0.354101737
BD201400000545,3.466666667,32.72727273,25896.49145,8665.020506,91162587.8,28625456.12,11569564.54,0,0,0,0,0.24458454
BD201400000546,4.034482759,11.70714286,27906.77255,4184.560646,91162587.8,6913645.115,0,0,1253764.787,0,371777.7795,0.354101737
BD201400000547,2.4,10.6076555,2729.711423,532.977707,91162587.8,5480303.641,0,0,57587.74969,0,0,0.634395528
BD201400000548,2.344827586,16.51879699,5394.828237,4537.070527,91162587.8,315441.007,0,0,90652.12959,0,0,0.341402059
BD201400000549,3.551724138,19.83458647,5758.139814,4194.740697,91162587.8,4741682.067,0,0,0,0,8301256.614,0.396775943
BD201400000550,3.333333333,22.80143541,5630.266578,687.6076078,91162587.8,33466209.49,626882.3936,0,0,0,0,0.311619164
BD201400000551,2.178571429,40.92142857,9632.072399,742.3340968,91162587.8,0,104480.3989,0,0,0,0,0.526515793
BD201400000553,3.166666667,19.05668934,25882.06741,11335.70744,91162587.8,0,417921.5957,0,0,0,1201452.774,0.928052879
BD201400000554,2.3,15.41904762,27629.4375,591.9990536,91162587.8,208960.7978,0,0,0,0,1659286.467,0.16480325
BD201400000555,1.5,15.45933014,37687.21608,6269.102983,91162587.8,305209.4254,0,0,0,0,9637490.403,0.07924145
BD201400000556,1.142857143,16.1547619,51885.14162,11902.61397,91162587.8,0,0,0,0,0,12167186.12,0.063693216
BD201400000557,1.833333333,32.60770975,30902.35838,10062.35386,91162587.8,0,0,0,0,0,0,0.078838223
BD201400000558,1.689655172,13.5234375,35950.80611,16962.63274,91162587.8,208960.7979,0,0,0,0,4602867.659,0.113783465
BD201400000559,3,12.42105263,26156.12409,20358.83884,91162587.8,1368234.315,0,0,0,0,1776166.782,0.185752464
BD201400000560,2.8,10.74545455,25788.43512,20791.35251,91162587.8,417921.5957,0,0,0,0,9190699.317,0.221255314
BD201400000561,1.607142857,8.806818182,43736.3613,16263.8059,91162587.8,0,522401.9946,0,0,0,0,0.071063211
BD201400000562,1.724137931,6.655502392,53671.0386,9266.662455,91162587.8,4888687.79,579890.6746,4351681.997,0,0,8346177.998,0.133127635
BD201400000563,1.296296296,6.615909091,53800.12747,22427.87255,91162587.8,88248.3341,940323.5903,0,0,0,2925451.17,0.12801059
BD201400000564,2.3,16.23214286,20469.33447,17809.3352,91162587.8,835843.1914,940323.5903,0,0,0,6194843.817,0.1844411
BD201400000565,2.933333333,12.10952381,20914.53566,16576.80829,91162587.8,2509350.285,171795.5924,0,0,0,2716490.372,0.172731207
BD201400000566,2.035714286,11.86124402,32598.68014,2452.266002,91162587.8,626882.3936,0,0,0,0,0,0.162504301
BD201400000567,4.034482759,6.684210526,16372.6028,6041.921146,91162587.8,538352.03,2820970.771,0,0,0,0,0.18532657
BD201400000568,2.481481481,16.30147059,26881.93557,997.7172038,91162587.8,313441.1968,417921.5957,0,3291675.566,0,417921.5957,0.878679601
BD201400000569,3.766666667,8.237704918,4103.271972,1227.719081,91162587.8,18134730.2,603820.3537,0,0,0,6142683.936,0.979208295
BD201400000570,3.5,13.10275689,27627.17696,11823.99842,91162587.8,68062.64468,0,0,0,0,3508647.399,0.202034345
BD201400000571,2.966666667,12.51190476,20517.90368,14371.39515,91162587.8,14095076.01,731362.7925,0,0,0,522401.9946,0.204466917
BD201400000572,2.037037037,17.03021978,15480.96569,11169.29062,91162587.8,3733447.789,0,0,0,0,208960.7979,0.212272697
BD201400000573,1.896551724,12.07769424,24918.2316,14525.18917,91162587.8,4884097.628,2200872.329,0,0,0,0,0.135434944
BD201400000574,1.733333333,15.0730897,36514.19927,20895.9394,91162587.8,4179395.299,0,0,0,0,731362.7925,0.161750153
BD201400000575,2.034482759,15.1047619,45705.07764,17392.75675,91162587.8,25210866.04,1476686.079,0,0,0,0,0.150173468
BD201400000576,2.5,20.105,7605.861958,5156.356273,91162587.8,21343069.83,522401.9946,0,16867892.8,0,280958.7525,0.916913042
BD201400000577,3.517241379,14.07272727,621.369703,1993.320225,91162587.8,431349.6519,320155.2249,0,0,0,0,3.213391564
BD201400000578,2.4,19.74185464,51761.47868,17821.92064,91162587.8,0,0,0,0,0,0,0.273701705
BD201400000579,2.192307692,14.73315364,23850.2666,1623.459757,91162587.8,313441.1968,0,0,1358245.186,0,313441.1968,0.315364823
BD201400000580,4.379310345,25.48732394,1266.09295,1589.128893,91162587.8,176903.6361,0,0,0,0,0,0.56579183
BD201400000581,3.233333333,19.39903846,21649.78874,241.3252253,91162587.8,22311513.37,1985127.58,0,0,0,0,0.244301141
BD201400000582,2.655172414,32.53809524,11347.13708,9863.915737,91162587.8,6881750.394,0,0,1253764.787,0,0,0.485953433
BD201400000583,4.75862069,28.62857143,0,185.6852739,91162587.8,1789219.886,1358245.186,0,731362.7925,0,3481172.967,0.697052605
BD201400000584,5,18.67237164,23657.31158,10914.75404,91162587.8,0,0,0,104480.3989,0,3490092.714,0.957909791
BD201400000585,1.75,20.94258373,45170.80032,14735.67551,91162587.8,0,0,0,0,0,6719299.879,0.185608788
BD201400000586,1.2,9.911904762,31719.76685,9899.430215,91162587.8,658786.2077,940323.5903,0,0,0,4879250.289,0.075631077
BD201400000587,3.413793103,10.85213033,18510.83229,16053.753,91162587.8,6102101.272,1581459.678,0,0,0,626882.3936,0.175826547
BD201400000588,3.866666667,45.81515152,23181.37593,399.0701666,91162587.8,5331781.552,159908.8149,626882.3936,104480.3989,0,1044803.989,0.686238705
BD201400000589,1.448275862,18.17460317,22099.85488,17691.4845,91162587.8,1037278.981,0,0,0,0,2182891.39,0.136939946
BD201400000590,4.24137931,12.18571429,46454.54522,11681.47,91162587.8,17207267.45,0,0,17866148.22,0,522401.9946,0.272296266
BD201400000591,4.8,8.493734336,0,245.4454203,91162587.8,9502466.527,0,0,18066076.5,0,626882.3935,3.196033203
BD201400000592,4.933333333,6.936363636,0,823.5372424,91162587.8,6471149.665,378531.0413,0,10960284.21,0,1358245.186,2.76046834
BD201400000593,4.133333333,12.88888889,1816.523394,377.9725161,91162587.8,7229434.419,21362.35295,0,13071820.4,0,1262724.62,1.811315181
BD201400000594,4.551724138,13.25179856,1283.903653,231.2132883,91162587.8,2193491.966,0,0,18069782.67,0,833364.426,2.024631355
BD201400000595,3.666666667,13.37188209,102.2699007,388.8241232,91162587.8,12848418.73,0,0,17866148.22,0,522401.9946,2.610970559
BD201400000596,4.862068966,19.1754386,0,220.5223903,91162587.8,17539779.16,58387.3684,0,17644970.77,0,483502.9803,3.35823155
BD201400000597,4.714285714,25.85,0,1383.200586,91162587.8,4130306.814,0,0,17651663.48,0,660730.978,3.415709795
BD201400000598,4.793103448,21.97052154,0,614.298246,91162587.8,5850813.916,0,0,12892292.72,0,208960.7979,2.968254423
BD201400000599,3.607142857,18.18899522,421.5499915,2281.995144,91162587.8,744487.307,327178.312,0,16174654.82,0,407268.264,2.847971432
BD201400000600,4.633333333,19.4047619,0,0,0,0,0,0,0,0,0,0
0,0,18.40589569,0,0,0,0,0,0,0,0,0,0
0,0,23.8425,0,0,0,0,0,0,0,0,0,0
0,0,26.36904762,0,0,0,0,0,0,0,0,0,0
0,0,20.57142857,0,0,0,0,0,0,0,0,0,0
0,0,23.11904762,0,0,0,0,0,0,0,0,0,0
0,0,17.67142857,0,0,0,0,0,0,0,0,0,0
