id,??,??,??,??,??,??,??,WI,NTL_mean,road,dem
BD201800000001,0,0,1.07316,0,67.40007,0,9.58347,1.931034483,0.249877928,6.57,9.480417755
BD201800000002,0,0,0,0,99.9985,0,0,2.066666667,0.28081128,25.08,80.4522293
BD201800000003,0,0.5755,2.44964,0,80.76384,0,16.20955,2.896551724,0.343100408,2.43,11.16428571
BD201800000004,0,2.16176,5.88866,0,89.97851,0,1.96962,2.8,0.362363319,17.34,2.992125984
BD201800000005,0,0,2.65495,0,90.14304,0,7.20052,2.517241379,0.284135391,13.64,6.064285714
BD201800000006,0,0,0.86518,0,74.69678,0,1.02596,1.482758621,0.24778258,23.65,9.090702948
BD201800000007,0,0,72.18265,0,26.04474,0,1.77117,3.75862069,0.407691603,10.34,19.81428571
BD201800000008,0.02253,0,8.35541,0,73.53662,0,18.08396,3.428571429,0.297536368,5.85,29.71428571
BD201800000009,0.31716,0,2.63451,0,85.04074,0,12.00608,2.633333333,0.290178491,0,71.98866213
BD201800000010,0,0,5.52519,0,85.23883,0,9.23451,3,0.282303661,0,14.80714286
BD201800000011,0,0.62688,46.97251,0,44.54287,0.07154,7.7847,3,0.40999424,5.76,12.28089888
BD201800000012,0,0,36.2817,0,59.8504,0,3.86642,3.233333333,0.318384382,0,6.15952381
BD201800000013,0.48946,0,4.45988,0,76.09996,0,18.94924,3.259259259,0.289954032,0,36.76
BD201800000014,0.13989,0,6.98222,0,71.74123,0,21.1352,2.785714286,0.451854495,0.06,15.93197279
BD201800000015,3.31239,0,3.34444,0.39735,52.07572,0,40.86858,1.533333333,0.243912345,0,12.50566893
BD201800000016,2.30203,0.06691,11.58802,0.31344,52.17885,0,33.54924,1.607142857,0.267386934,0,9.802380952
BD201800000017,0,0,6.50752,0,71.36481,0,22.12623,3.068965517,0.294379165,0,144.6077098
BD201800000018,0,0,11.67655,0,82.43963,0,5.88234,3.266666667,0.506425481,17.21,35.015
BD201800000019,0.20896,0,61.87477,0,34.82518,0,3.08962,3.821428571,0.327539849,4.26,19.18820862
BD201800000020,0,0,17.90031,0.01137,80.86991,0,1.21695,1.666666667,0.370598125,8.84,7.897619048
BD201800000021,0,1.41214,23.23107,0,73.00234,0,2.35299,3.035714286,0.855026963,14.99,6.116666667
BD201800000022,0,0,14.42198,1.13632,74.34925,0,10.09097,2.730769231,0.611126501,7.78,21.7125
BD201800000023,0,0,13.04506,0,86.95345,0,0,3.1,0.27980435,0,11.7755102
BD201800000024,0.31344,0,0.56943,0,92.64763,0,0.6397,1.178571429,0.282724428,1.15,204.814059
BD201800000025,0,0,0.47023,0,98.80547,0,0.009,1.8,0.271051967,8.77,33.7775
BD201800000026,2.11064,0,7.26845,3.97934,77.41161,0,9.22845,3.035714286,0.349596035,6.87,25.41723356
BD201800000027,0.00542,0,11.935,0.00542,78.50853,0,9.54413,2.642857143,0.269882066,0,8.485260771
BD201800000028,0,0,0,0,42.00368,0,1.11244,2.214285714,0.236934464,0,15.18367347
BD201800000029,0.12689,0,14.97381,2.37853,81.02231,0,1.19789,2.633333333,0.355441837,0,4.633928571
BD201800000030,0.14578,0,21.1501,0,76.07558,0,2.62705,3.481481481,0.363435638,13.73,10.66213152
BD201800000031,0,0,4.55691,0,95.44162,0,0,2.7,0.27696582,0,4.457142857
BD201800000032,0,0,4.89589,0,87.76506,0,7.33758,1.793103448,0.283020265,0,15.3625
BD201800000033,0,0,10.68888,0,89.30965,0,0,3.172413793,0.334926334,31.76,10.72562358
BD201800000034,0.02566,0,0.1423,0,89.26434,0,10.56621,3.033333333,0.287474077,9.05,6.9075
BD201800000035,1.80099,0,0.689,0.56109,56.44588,0,40.50156,1.24137931,0.24029316,0,3.192771084
BD201800000036,0.24714,0,0,0.17139,54.49111,0,3.5616,1.133333333,0.220006691,0,14.87755102
BD201800000037,0.42258,0,0.07186,0.17139,65.04283,0,1.71506,1.233333333,0.241747377,0,3.394077449
BD201800000038,0.13845,0,0.75075,0,90.13518,0,8.97412,1.740740741,0.243646295,18.23,7.857142857
BD201800000039,0,0,0,0,98.108,0,1.8905,2.366666667,0.278997346,8.12,40.4516129
BD201800000040,0.66378,0,0.10448,0,40.5278,0,2.86822,1.4,0.232398284,0,15.34047619
BD201800000041,0,0,2.87827,0,92.85829,0,4.26198,2.633333333,0.285369169,3.7,33.31428571
BD201800000042,0.2805,0,0,0,97.72131,0,1.9967,1.7,0.265440153,5.76,15.77857143
BD201800000043,0,0,8.02305,0,70.94764,0,21.02782,3.275862069,0.314654212,9.94,110.2131519
BD201800000044,0.20896,0,11.41284,0,71.66551,0,16.7112,3.1,0.287086866,12.47,7.032467532
BD201800000045,0,0.97624,5.99961,0,93.02267,0,0,2.793103448,0.369131928,12.87,5.259668508
BD201800000046,0,0,53.16764,0,38.37067,0,8.46023,2.592592593,0.269653685,0,7.138095238
BD201800000047,0,0,15.91327,0,74.11755,0,9.96771,2.482758621,0.272885314,10.36,205.8471074
BD201800000048,0,0.12763,57.47373,0,36.80949,0,5.58768,2.5,0.286504508,0,59.55555556
BD201800000049,0,0.62688,48.71216,0,43.92246,0.07154,6.66546,3.413793103,0.397043891,4.01,31.7845805
BD201800000050,0,0,1.42468,0,81.1621,0,17.41171,2.551724138,0.284694431,0,11.30769231
BD201800000051,0,0,2.51713,0,71.9933,0,25.48809,1.666666667,0.274736029,13.15,4.512019231
BD201800000052,0,0.20896,42.02238,0,50.61135,0,7.15582,1.9,0.349690575,15.95,16.08095238
BD201800000053,2.60283,0.06691,12.82817,0.31344,52.53751,0,31.64962,1.2,0.26840163,0,55.8675
BD201800000054,0.46085,1.35097,25.82738,1.95842,61.92024,0,8.48064,3,0.786539548,10.79,10.835
BD201800000055,1.39141,1.3406,23.49824,4.20649,53.2379,0,16.32387,2.5,0.695111436,8.47,9.980952381
BD201800000056,0,0.07154,10.53086,0,89.39612,0,0,1.448275862,0.436941347,2.45,17.2547619
BD201800000057,0.42627,0,9.50415,0.24342,56.68598,0,2.36268,1,0.32943223,0,96.52857143
BD201800000058,0.14578,1.26927,15.95004,0,76.80078,0,5.83268,2.793103448,0.686854105,28.44,8.161904762
BD201800000059,0,0.07154,1.41533,0,96.66674,0,1.84491,1.4,0.338156928,13.9,18.32142857
BD201800000060,0,0.41792,0.69842,0,86.10993,0,12.77224,1.75862069,0.448682539,10.49,7.743764172
BD201800000061,0,2.53901,0.42175,0,91.32254,0,5.71519,3.866666667,0.629649023,19.03,6.406666667
BD201800000062,0,0.34653,16.81835,0,79.59824,0,3.23539,1.793103448,0.39495811,31.37,12.0952381
BD201800000063,0,0.83964,24.99516,0,71.89526,0,2.26843,2.344827586,0.455524497,19.77,9.735714286
BD201800000064,0,0.62688,44.57561,0,45.65976,0.07154,9.06472,1.896551724,0.419679529,7.12,8.115492958
BD201800000065,0.20896,15.38988,6.92285,0,63.21681,0,14.26003,3.866666667,1.615049803,22.98,74.78095238
BD201800000066,0.20896,15.33429,6.26597,0,63.46945,0,14.71986,1.862068966,1.540942374,21.73,17.06666667
BD201800000067,0.20896,15.38988,9.38445,0,63.31402,0,11.70124,1.392857143,1.687534642,23.98,50.861678
BD201800000068,0.35295,15.38988,15.81671,0,58.63934,0,9.79967,4,1.775680669,28.08,5.897619048
BD201800000069,0.20896,14.97114,17.10557,0,59.26939,0,8.44347,4.476190476,1.588613844,25.67,18.01587302
BD201800000070,0.31344,12.73728,9.92853,0,67.8851,0,9.13418,2.965517241,1.999083363,27.74,64.87625418
BD201800000071,0.14318,13.80582,18.14932,0,61.23864,0,6.66158,3.038461538,1.551165874,25.38,43.07672634
BD201800000072,0,0,21.67756,0,43.63843,0,0,2,0.391599994,5.19,77.97619048
BD201800000073,0,0.10448,0.06691,0,66.62567,0,33.20144,3.655172414,0.641046811,1.92,1.981081081
BD201800000074,0,0.07154,2.73518,0,70.27306,0,18.02402,3.7,0.934399096,10.39,12.93197279
BD201800000075,0,0,0,0,73.64691,0,26.35159,3.137931034,0.924429965,9.85,23.68012422
BD201800000076,0,1.01148,0,0,49.71024,0,49.27679,3.928571429,0.597103482,4.86,56.36507937
BD201800000077,0,0,0.63456,0,78.73439,0,20.62956,3.925925926,0.465057736,0,26.37676056
BD201800000078,0,0.38513,0,0,92.46567,0,7.14771,2.666666667,0.970885609,11.04,#N/A
BD201800000079,0,0,16.43725,0,80.03337,0,3.5279,3.633333333,0.397063091,10.52,-4.267573696
BD201800000080,5.56431,0,0.29282,11.42571,58.19667,0,24.51898,3.931034483,0.241487013,0,7.056768559
BD201800000081,0,0,23.95715,0,74.02825,0,2.01313,3.5,0.454354651,0,19.42
BD201800000082,0,0,5.40081,0,94.59771,0,0,2.740740741,0.505019596,8.63,15.59863946
BD201800000083,0,0,22.59704,0,76.96155,0,0.43995, ,0.444886763,10.32,6.37414966
BD201800000084,0,0,14.84122,0,84.06105,0,1.09627,3.642857143,0.491892161,10.45,154.3560091
BD201800000085,0.20896,0,0,0,66.37399,0,17.68171,2.785714286,0.661346551,1.79,#N/A
BD201800000086,2.46745,0,0.10448,0,59.79667,0,0.32958,2.620689655,0.5390378,0,22.70238095
BD201800000087,0,0.31868,11.18232,0,88.49753,0,0,4.1,0.797515619,11.67,37.9
BD201800000088,0,0.57348,5.21943,0,94.20563,0,0,4.392857143,0.716192509,18.73,6.385714286
BD201800000089,0,0.10448,4.66795,0,92.84679,0,2.37929, ,0.819750558,0,9.876190476
BD201800000090,0,0.3005,2.85316,0,96.84487,0,0,3.172413793,0.657328469,4.86,11.08333333
BD201800000091,0,0,3.90488,0,78.05745,0,5.65208,3.413793103,0.583493153,0,20.96969697
BD201800000092,0,2.25654,14.37244,0,83.36956,0,0,4.066666667,1.064091026,9.43,15.15
BD201800000093,0,0,34.07833,0,65.92019,0,0,2.75862069,0.382232436,11.32,5.26183844
BD201800000094,0,0.10448,4.65976,0,92.88279,0,2.35149,4.75,0.83226114,0,26.7324263
BD201800000095,0,0.14359,2.70856,0,95.64903,0,1.49733,4.033333333,0.813598035,10.2,4.3525
BD201800000096,0,1.00208,54.24883,0,44.7476,0,0,4.689655172,0.896600858,0,9.985714286
BD201800000097,0,0,34.41623,0,65.11832,0.32292,0.14103,3.214285714,0.476644831,6.55,-11.695
BD201800000098,0,0,0.19309,0,99.80541,0,0,3.533333333,0.72667067,0,5.012875536
BD201800000099,0,0,0.88459,0,99.11393,0,0,3.318181818,0.521293725,0,94.1625
BD201800000100,0,0,23.56582,0,75.91965,0.07965,0.43339,4.233333333,0.59426344,0,17.79761905
BD201800000101,0,0,1.32312,0,98.67538,0,0,3.3,0.782966286,2.42,482.3318182
BD201800000102,0,0.66984,5.70769,0,72.64968,0,20.97131,4.172413793,0.914953493,20.64,18.29047619
BD201800000103,0,0.07154,5.44302,0,94.04634,0,0.43761,3.633333333,0.627188874,0,45.9047619
BD201800000104,0,0,0.7163,0,99.28221,0,0,4.482758621,0.620228,22.32,15.28571429
BD201800000105,0,2.36219,48.72799,0,48.272,0.63636,0,3.206896552,0.789603849,17.08,1.219512195
BD201800000106,0,0,0,0,69.60051,0,30.39803,4.137931034,0.606873624,10.54,17.8
BD201800000107,0,0,7.42522,0,81.41071,4.37129,6.79129,3.185185185,0.569766127,0,6.352380952
BD201800000108,0,0,1.42769,0,98.22999,0,0.34085,2.965517241,0.691144842,0,249.9954649
BD201800000109,0,0,64.72246,0,35.27605,0,0,2.965517241,0.306688744,0,8.278911565
BD201800000110,1.84609,0,8.25353,0,84.94579,0,4.0885,2.266666667,0.497886435,11.63,5.45
BD201800000111,4.92783,0,3.96325,0,67.28704,0,10.45537,2.866666667,0.286463816,0,34.20861678
BD201800000112,0,0,41.23658,0,58.76194,0,0,3.448275862,0.28285367,0,10.08672087
BD201800000113,0,0.25697,11.4104,0,88.01619,0,0.31497,2.766666667,0.610668557,13.99,8.238095238
BD201800000114,0,0.50647,2.66176,0,94.97945,0,1.85084,4.066666667,1.094421347,7.52,8.761904762
BD201800000115,0,0,3.68196,0,83.35712,0,7.00029,3.933333333,0.807061641,2.57,6.9325
BD201800000116,0,0,5.25812,0,94.27823,0,0.24756,4.066666667,0.654759439,0.67,14.00714286
BD201800000117,0,0.07154,68.61046,0,30.37638,0.41792,0.5222,2.1,0.296161451,11.49,14.98185941
BD201800000118,0,0,0.65148,0,99.34702,0,0,1.133333333,0.306538346,10.06,6.419501134
BD201800000119,0,0.07154,30.89248,0,68.79203,0,0.24247,3.733333333,0.433573978,6.43,27.43310658
BD201800000120,0,0.86532,54.61577,0,43.99503,0,0.5224,4.275862069,0.682514648,24.21,16.28809524
BD201800000121,0,0.07154,43.89662,0,52.00619,0,4.02418,3.62962963,0.442889657,22.89,58.2175
BD201800000122,2.4165,0,2.93302,0,63.09516,0,31.55383,2.3,0.285865286,7.63,17.08163265
BD201800000123,0.38201,0,2.57459,0,94.53287,0,2.16667,3.928571429,0.291934176,0,8.5025
BD201800000124,0,0.07154,12.10825,0,85.78375,0,0,3.866666667,0.800680821,6.54,19.54195011
BD201800000125,0,0,1.09832,0,53.59358,0,0.10448,2.033333333,0.23307705,0,7.040816327
BD201800000126,0,0,29.09631,0,68.13105,0.61165,2.15953,4.103448276,0.561945513,0.77,5.50877193
BD201800000127,0,0,38.12949,0,56.7428,0.32948,4.79672,4.137931034,0.434154338,12.87,11.7547619
BD201800000128,0.11847,0,9.11473,0,86.8431,1.93284,1.70348,3.2,0.30567438,0,25.60544218
BD201800000129,0,0.5703,42.25347,0,56.74219,0,0.4326,3.9,0.776581646,26.53,106.3454545
BD201800000130,0,0,24.23333,0,27.8329,0.03324,47.89906,2.24137931,0.220535837,0.13,17.44927536
BD201800000131,0,0,66.17941,0,23.06688,0,0,1.103448276,0.293618978,0,8.085714286
BD201800000132,0,6.14618,0,0,83.05675,0,10.7956,2.892857143,2.395559545,8.43,26.53741497
BD201800000133,1.36394,5.94711,7.70229,3.295,40.63433,0,41.05585,2.5,0.958887875,20.72,23.25396825
BD201800000134,0,0,6.91522,0,93.0833,0,0,1.793103448,0.477378953,7.32,5.632458234
BD201800000135,0,2.7982,6.40552,0,82.67215,0,8.12265,2.068965517,2.926055948,22.66,18.82993197
BD201800000136,0,1.57271,1.62985,0,95.54111,0,1.25487,2.962962963,1.024660679,8.56,3.178997613
BD201800000137,0,0.01271,11.35519,0,88.63062,0,0,1.827586207,0.520337743,0,25.3125
BD201800000138,0,1.4044,0.14308,0,51.9204,0,46.53065,3.066666667,1.248695454,0,1.944134078
BD201800000139,0,2.03706,6.68045,0,91.28103,0,0,3.827586207,0.876040308,20.55,6.635294118
BD201800000140,0,0.67497,2.33554,0,95.08562,0,1.90239,2.035714286,0.861280216,14.98,15.36190476
BD201800000141,0,2.39953,7.89614,0,45.21037,0,0.31344,2.433333333,1.951211575,18.93,5.530952381
BD201800000142,0,0.14103,0,0,56.41287,0,1.62224,4.172413793,0.793390972,19.71,2.31292517
BD201800000143,0,0,0,0,71.70698,0,0,1.724137931,0.855424436,15.84,77.96904762
BD201800000144,0,0,53.62029,0,27.80473,0.30829,0,1.068965517,0.567248743,15.75,25.66190476
BD201800000145,0.76673,0,2.13841,0,71.53735,0,25.55602,1.1,0.283371892,4.67,6.054421769
BD201800000146,0.38201,0,3.97314,0,91.01663,0,2.53934,1,0.288072289,0,69.40714286
BD201800000147,0,0.14266,69.86452,0,24.16033,0,5.831,1.6,0.279270463,0,5.732426304
BD201800000148,0,54.27208,10.32147,0,35.40497,0,0,2.392857143,8.641804121,71.19,10.17142857
BD201800000149,0,63.3564,0.45194,0,21.8874,0,14.30278,3.827586207,13.81917584,88.21,3.68
BD201800000150,0,49.35435,0.79741,0,34.98792,0,14.85884,4.172413793,10.82316721,80.37,74.37619048
BD201800000151,0,44.8158,2.16107,0,40.57773,0,12.44388,5,7.739331771,67.39,19.15686275
BD201800000152,0,40.86135,3.02823,0,41.52431,0,14.58459,3.724137931,7.741145597,64.07,35.3452381
BD201800000153,0.41792,27.96979,0,0,23.25539,0,7.26427,4.12,21.40054582,29.66,5.988372093
BD201800000154,0.20896,69.76894,0.40545,0,22.81259,0,6.63536,4.185185185,16.13589203,97.77,-0.245238095
BD201800000155,0,48.66055,0.25523,0,36.41098,0,14.67177,3.517241379,14.08780633,84.42,7.566893424
BD201800000156,0.38463,59.46638,0.30421,0,28.08966,0,6.26094,4,15.97845871,81.34,362.4444444
BD201800000157,0,61.04435,1.97597,0,23.50559,0,13.47258,4.379310345,10.44582618,86.86,9.07
BD201800000158,0,40.65765,0.26694,0,45.7217,0,13.35224,4.7,10.40715084,80.49,68.50357143
BD201800000159,0.41793,56.15854,6.03911,0,22.79167,0,1.02935,4.481481481,10.02148336,64.33,9.586956522
BD201800000160,0.41793,66.96748,1.26224,0,21.50736,0,4.01441,3.413793103,14.3650194,87.13,161.9614512
BD201800000161,0.32913,69.78951,1.85479,0,22.08042,0,3.01569,2.888888889,13.14278758,92.87,15.02142857
BD201800000162,0,58.32845,6.56514,0,33.37487,0,1.73006,3.642857143,8.981293578,77.72,8.953929539
BD201800000163,0.41792,22.0965,0,0,38.536,0,12.79889,2.633333333,16.90350453,30.79,14.22368421
BD201800000164,0,3.70434,0,0,91.39873,0,4.89545,4.321428571,1.9860348,16.49,60.76
BD201800000165,0.27753,62.75833,0,0,24.34585,0,12.6168, ,11.12935073,80.48,8.223809524
BD201800000166,0.27753,63.61446,0,0,24.5224,0,11.58414, ,11.90842182,97.03,58.71069182
BD201800000167,0,0.14342,5.03509,0,73.66092,3.0059,18.1532,4.4,0.638541401,13.95,9.2925
BD201800000168,1.08895,0,0.50774,2.06321,46.33561,0,50.003, ,0.428991019,0,7.507936508
BD201800000169,0,16.13529,0,0,77.13072,0,6.73252, ,3.401944139,11.82,3.102380952
BD201800000170,0,27.38478,1.6916,0,46.18912,0,24.73303, ,5.123190181,18.59,18.86462882
BD201800000171,0,0,0,0,99.53824,0,0.46026,2.642857143,0.487885917,12.46,3.578947368
BD201800000172,0,0.07159,0.22932,0,99.50857,0,0.18903,3.366666667,0.878675181,0,5.968253968
BD201800000173,0,0,0,0,88.07192,7.43471,4.49187,2.7,0.409619638,0,5.276595745
BD201800000174,0,32.73051,0,0,55.88202,0,11.38599, ,4.569563406,13.07,7.948387097
BD201800000175,0,35.18183,0,0,48.29115,0,16.52557, ,4.756876609,10.74,31.56904762
BD201800000176,0,29.96319,0.10846,0,67.60136,0,2.32548, ,5.7748757,0,11.35051546
BD201800000177,0,0,11.07857,0,85.40214,0,3.5178,2.933333333,0.524615287,6.27,6.019047619
BD201800000178,0,0,6.32937,0,93.66908,0,0,2.75862069,0.51683156,14.25,18.58571429
BD201800000179,0,8.79247,1.87811,0,89.32791,0,0,4.724137931,3.574684501,10.54,29.07029478
BD201800000180,3.38078,0,46.32752,0,47.21675,2.86405,0.20942,3.428571429,0.415488483,11.1,9.485
BD201800000181,3.3273,0,40.29945,0,55.2484,1.12337,0,3.2,0.34660968,1.95,118.0657596
BD201800000182,0,0,0,0,55.31493,0,44.68359,1.666666667,0.256719119,0.36,6.052154195
BD201800000183,0,0.80097,0.49751,0,76.38036,0,22.31967,3.733333333,1.069862507,5.23,17.70952381
BD201800000184,0,0,1.07448,0,98.92403,0,0,1.884615385,0.512696579,11.72,3.685714286
BD201800000185,0,4.14418,0.76091,0,95.09341,0,0,2.793103448,1.172348379,22.6,31.89569161
BD201800000186,0,0.07154,0.24519,0,84.51194,0.24205,14.9278,2.103448276,0.260972935,0,18.43341404
BD201800000187,0.17853,0,0,0,99.80903,0,0.01093,2.321428571,0.366936017,5.72,36.23129252
BD201800000188,0,0,0.94352,0,87.02838,0,12.02662,2.793103448,0.361324403,0,34.80851064
BD201800000189,0,0,0.83915,0,96.33822,0,2.82113,2.344827586,0.37364801,0,9.021428571
BD201800000190,0,0,0,0,98.09555,0,1.90297,3.666666667,0.760999677,0,135.975
BD201800000191,0,0,0,0,99.71236,0,0.28616,3.75862069,1.066536815,0,11.5
BD201800000192,0,0.67663,0,0,98.23665,0,1.08522,3.3,0.988398914,12.97,12.88208617
BD201800000193,0,0.14308,0.63567,0,88.20289,0,11.01688,3.724137931,0.611033895,11.51,7.70521542
BD201800000194,0,0.73115,1.36835,0,90.2491,0,7.64991,4.103448276,0.828756512,9.16,137.122449
BD201800000195,0.69243,0.21462,0.49042,0,92.09538,0,6.50565,4.2,0.61460077,13.45,13.24943311
BD201800000196,0,5.90582,1.06831,0,90.30688,0,2.71751,3.566666667,1.903321181,12.91,9.25952381
BD201800000197,0,55.87904,0.57255,0,40.66244,0,2.88451, ,8.871112609,36.5,14.63095238
BD201800000198,0,55.7994,0.16522,0,35.71286,0,8.32105, ,8.249697717,48.13,5.70952381
BD201800000199,0,72.65306,0.33859,0,18.87493,0,8.13184, ,10.33385964,38.9,42.31666667
BD201800000200,0,0,13.26814,0,85.9822,0,0.74814,3.633333333,0.956302789,2.37,32.55952381
BD201800000201,0,11.40913,0.18318,0,76.34579,0,12.0604,4.62962963,1.778517044,3.31,23.06349206
BD201800000202,0,0.43209,2.54716,0,96.17378,0,0.84546,4.066666667,1.412623133,26.05,11.10430839
BD201800000203,0,0,0,0,64.61427,0,35.38419,2.566666667,0.647837979,3.35,13.21768707
BD201800000204,0,0,0,0,94.75736,0,5.24115,3.8,0.36050906,0,109.9571429
BD201800000205,0,0,0,0,98.8387,0,1.15982,2.821428571,0.435425857,1.63,34.41043084
BD201800000206,3.60214,0,0.4561,8.4868,75.19958,0.14103,12.11285,2.5,0.297556645,7.24,7.854875283
BD201800000207,1.29457,0,0.55004,3.0242,62.08568,0,33.04407,2.068965517,0.247791421,0,6.361256545
BD201800000208,0.06432,0.07154,0,0.34273,97.74203,0,1.77789,3.966666667,0.436997693,15.07,9.143576826
BD201800000209,0,0,0,0,99.54074,0,0.45775,3.433333333,0.91567008,14.53,17.40136054
BD201800000210,0,1.31123,0.574,0,97.77401,0,0.33925,2.7,1.376345792,4.66,6.473922902
BD201800000211,0,0,0,0,99.55767,0,0.44083,2.321428571,0.404289799,24.83,1.345844504
BD201800000212,3.95863,0.49006,0.11104,0,83.8363,0,11.60247,3,0.996506791,3.5,44.875
BD201800000213,0,0.00814,0,0,96.81847,0,3.17189,3.642857143,0.942207004,0,16.07709751
BD201800000214,0,0,0,0,97.16436,0,2.83414,3.068965517,0.536705227,0,17.0825
BD201800000215,0,1.12726,0,0,98.62972,0,0.24151, ,1.319093405,2.94,20.64399093
BD201800000216,0,24.34414,0,0,13.84003,0,61.81434,2.857142857,6.926307785,58.88,4.5
BD201800000217,0,53.59034,1.19054,0,18.66204,0,26.5556,3.689655172,9.386409029,55.87,17.845
BD201800000218,0.03992,66.79487,0.1365,0,23.38474,0,9.64242,4.517241379,10.12226155,60.2,22.81179138
BD201800000219,0.12142,0.39258,4.2495,0.95061,81.53385,0.12142,12.62912,1.833333333,0.668362754,12.28,8.811791383
BD201800000220,0.27753,69.31925,0,0,20.9432,0,9.45851,4.433333333,14.13054912,98.54,68.26666667
BD201800000221,0,52.42428,0.20942,0,39.62981,0,7.73503,3.233333333,10.05756256,123.34,14.89115646
BD201800000222,0,80.02053,0,0,14.07753,0,5.90052,3.666666667,14.85617575,169.25,18.32180851
BD201800000223,0,21.94348,0.82967,0,66.60375,0,10.62165,3.821428571,3.184887756,12.41,47.43
BD201800000224,0,34.71791,2.25633,0,33.65554,0,29.36875,4.107142857,6.078218335,51.17,25.2125
BD201800000225,0,0.07154,0.52223,0,98.86094,0,0.5438,2.142857143,0.523327599,8.53,13.29931973
BD201800000226,0,44.23708,0.90575,0,39.3006,0,15.5551,3.3,6.379311877,23.35,2.238095238
BD201800000227,0,43.04919,0.74874,0,37.43814,0,18.76248,3.357142857,6.126645548,41.75,6.704761905
BD201800000228,0,12.97567,1.38741,0,72.39397,0,13.24142,2.5,2.159059,6.97,6.9625
BD201800000229,0,12.94522,1.70832,0,85.34491,0,0,2.862068966,3.624431017,10.65,13.03809524
BD201800000230,0,2.19504,0.48261,0,75.36917,0,21.95171,3.266666667,1.472666581,6.41,57.03921569
BD201800000231,0,4.45207,0,0,95.54642,0,0,3.233333333,1.063755416,49.4,7.595238095
BD201800000233,0,0.32454,1.56747,0,97.95415,0,0.15235,2.3,0.728752291,12.64,11.41950113
BD201800000234,0,57.85634,0.22594,0,33.01192,0,8.90423,3.259259259,8.704885586,49.13,12.57142857
BD201800000235,0,54.75545,0.57255,0,41.96544,0,2.70508,3.444444444,9.196628125,36.01,6.968253968
BD201800000236,0,1.31021,1.44556,0,76.65272,0,20.59006,2.862068966,1.728828302,16.42,23.34269663
BD201800000237,0,6.54346,3.38212,0,83.39736,0,6.67559,2.75862069,2.2245436,17.15,11.89115646
BD201800000238,0,3.75278,20.93128,0,69.49495,0,5.81948,2.8,2.664160965,39.21,#N/A
BD201800000239,0.18898,0.07154,6.28668,0.44554,77.39194,0,15.61385,1.965517241,0.415499648,0,5.455696203
BD201800000240,0,1.31123,0,0,96.8515,0,1.83577,1.821428571,0.932711222,9.23,107.8809524
BD201800000241,0,0.31881,0.06111,0,99.19079,0,0.42777,1.933333333,1.051361534,30.24,11.92961165
BD201800000242,0,45.37732,0.05239,0,27.2585,0,27.31033,3.16,8.684385673,91.86,12.48571429
BD201800000243,0,68.64275,0.20896,0,7.3133,0,23.83346,4.518518519,15.88997217,210.21,5.040816327
BD201800000244,0,63.37064,0.71767,0,12.21305,0,23.69718,4.034482759,12.89479226,105.1,19.63571429
BD201800000245,0,54.8922,0.27587,0,14.35095,0,30.47941,5,10.32284166,104.81,6.344051447
BD201800000246,0.27753,59.49615,0,0,27.79786,0,12.427,4.642857143,9.593256047,88.35,21
BD201800000247,0,91.16303,0.20896,0,2.55231,0,6.07417,4.461538462,19.4589617,247.69,6.0861678
BD201800000248,0.27753,78.30491,0,0,15.16098,0,6.25516,4.035714286,16.62843181,167.13,27.57142857
BD201800000249,0,57.48394,0.92663,0,11.12914,0,30.45872,4.269230769,11.80801527,93.33,12.22675737
BD201800000250,0,90.89188,0.33272,0,6.07081,0,2.70305,4.888888889,17.16689233,203.02,18.01360544
BD201800000251,0,76.28404,0.39805,0,11.61962,0,11.69684,4.961538462,13.70600016,230.27,15.7175
BD201800000252,0,51.61241,0,0,20.72217,0,27.66394,2.866666667,10.80845167,126.22,7.217687075
BD201800000253,0.05462,64.58454,0.05738,0,28.34569,0,6.95639,3.75,2.125765725,155.17,6.895238095
BD201800000254,0,48.81088,0.19555,0,45.97569,0,5.01642,3.142857143,8.868352946,102.15,4.172335601
BD201800000255,0,53.41464,0.27587,0,14.44841,0,31.85954,3.344827586,10.05297092,100.28,64.71333333
BD201800000256,0,66.47913,0.20896,0,11.17709,0,22.13331,4.25,13.89524655,170.25,8.673469388
BD201800000257,0,52.41918,0.41838,0,30.49151,0,16.66947,2.291666667,10.23102225,124.4,54.83333333
BD201800000258,0,90.1118,0.20896,0,3.36156,0,6.31622,5,13.28722668,278.05,12.0325
BD201800000259,0,81.17393,0.66095,0,9.04502,0,9.11855,4.321428571,15.51774728,191.58,127.2119048
BD201800000260,0,51.16485,0.71767,0,13.61517,0,34.5008,4.448275862,10.83311116,69.57,14.90163934
BD201800000261,0,87.09265,0.20896,0,5.40946,0,7.28745,5,15.93172575,278.96,40.23129252
BD201800000262,0,70.5856,0.06655,0,10.36637,0,18.97997,4.8,3.333561564,223.82,43.87
BD201800000263,0,73.88527,0,0,12.68577,0,13.42753,4.192307692,2.449259329,196.5,24.54195011
BD201800000264,0.27753,65.37138,0,0,24.19058,0,10.15906,4.333333333,12.50373984,111.31,7.49047619
BD201800000265,0,79.65897,0.22072,0,4.58107,0,15.53766,3.444444444,15.97984093,203.21,4.337868481
BD201800000266,0,94.49314,0.20896,0,2.52008,0,2.7763,4.464285714,18.815542,243.79,12.78809524
BD201800000267,0,53.86238,0.97896,0,20.68275,0,24.47444,2.4,8.150215016,46.1,9.45952381
BD201800000268,2.34821,1.1022,25.37369,0,67.25893,0,3.9155, ,0.599876112,15.55,7.0425
BD201800000269,0.63982,0,34.62001,0,54.05231,10.01877,0.66759,3.9,0.429711992,9.4,36.15952381
BD201800000270,0.43411,0,42.89403,0,20.15281,0.42448,36.09309,3.137931034,0.356846653,16.23,15.92857143
BD201800000271,0.31344,0,2.82246,0,86.90813,0,9.95449,2.724137931,0.331583029,6.5,23.9675
BD201800000272,2.91525,0,29.62427,0,66.83429,0,0.62472,1.793103448,0.305538529,7.47,217.2755906
BD201800000273,0,0,7.2013,0,72.45841,0,18.61826,2.344827586,0.281033264,21.8,16.53571429
BD201800000274,0,0.07154,0,0,97.09126,0.10448,2.73122,3.866666667,0.390347598,6.59,4.124365482
BD201800000275,0,0,0,0,98.61422,0,1.3843,3.433333333,0.509685773,14.67,16.12380952
BD201800000276,0,0,0,0,38.16013,0,6.23553,3.896551724,0.784799562,3.9,9.9775
BD201800000277,0,0,0,0,94.51213,0,5.48638,3.551724138,0.588929216,4.36,52.75963719
BD201800000278,0,0,0.2142,0,98.43719,0,1.34712,3.333333333,0.436563026,0,20.77097506
BD201800000279,0,0.14103,0,0,95.56305,0,4.29442,3.433333333,0.521041666,12.58,14.11428571
BD201800000280,0,0,0.48057,0,88.80957,0,10.70835,4.066666667,0.568011344,10.84,32.703125
BD201800000281,8.36091,0,5.48955,0,48.84033,0.16606,37.14168,3.766666667,0.414848619,11.05,10.79285714
BD201800000282,0,7.74517,1.11215,0,90.67419,0,0.467,4.266666667,2.300940721,20.39,12.53514739
BD201800000283,0,0.63852,0.50967,0,97.846,0,1.00431,3.413793103,0.506946228,0.53,28.30839002
BD201800000284,0,0,4.88225,0,93.788,1.04623,0.28206,3.1,0.51898259,12.03,60.32926829
BD201800000285,0,0,4.0541,0,94.72346,1.04623,0.17475,2.966666667,0.570692034,14.97,115.3333333
BD201800000286,0,0.48338,0,0,27.20935,0,40.03437,3.933333333,1.50365664,0,11.08571429
BD201800000287,0,0,0.29817,0,71.81602,0,27.88431,3.586206897,0.577410415,10.84,7.14047619
BD201800000288,0,0,1.14681,0,98.67795,0,0.17374,3.666666667,0.407621175,0,85.13333333
BD201800000289,0,0.14103,0.8341,0,99.02337,0,0,3.033333333,0.661593737,0,62.62619048
BD201800000290,0,0,0,0,99.97142,0,0.02708,2.966666667,0.38531627,0,109.2047619
BD201800000291,0,0,0,0,91.97452,0,8.02399,3.724137931,0.603022417,10.53,9.695238095
BD201800000292,0,0,0,0,61.9381,0,14.63487,3.4,0.717106043,0,10.56
BD201800000293,0,0.31674,0,0,99.68176,0,0,3.133333333,0.451710569,3.83,16.24761905
BD201800000294,4.72583,0,0.59455,0,87.25454,1.63496,5.78861,2.310344828,0.446370595,4.12,19.0452381
BD201800000295,22.38552,0,34.55128,0,17.81422,0,12.94098,2.166666667,0.246990129,0,14.48571429
BD201800000296,5.92829,0,38.82586,0,15.82029,12.91101,26.51308,3.892857143,0.357764731,0,7.2675
BD201800000297,6.57751,12.62457,16.19658,0,47.99818,3.21549,13.38621, ,1.978634616,8.44,22.9845679
BD201800000298,16.08619,0.10448,25.06436,0,33.13003,0.06046,20.74918,2.357142857,0.247423735,0,7.265306122
BD201800000299,1.8488,0,0.33039,0,62.11565,0,35.70369,2.833333333,0.278583945,1.67,-1.74047619
BD201800000300,0.68348,10.02098,12.78621,0,64.05688,1.21538,11.23557, ,2.0350434,21.62,8.901376147
BD201800000301,3.85888,1.13145,1.17766,2.26298,85.14624,0,6.4213,3.344827586,1.048452208,0,10.60589812
BD201800000302,0,0,0.28206,0,99.32218,0,0.39426,2.642857143,0.60220085,2.77,21.31972789
BD201800000303,1.35713,0.06691,0,4.25023,61.23966,0,33.08458,2.5,0.441310929,1.04,2.96460177
BD201800000304,0,0.10822,0,0,99.74926,0,0.14103,2.333333333,0.498721562,1.63,3.6975
BD201800000305,0,0.28072,0,0,98.36782,0,1.34996,2.689655172,0.424493041,0,10.86428571
BD201800000306,0.1908,8.22645,0,0,90.29448,0,1.28677,4.607142857,1.700890272,15.77,3
BD201800000307,0,0,0,0,99.60877,0,0.38974,2.933333333,0.503194538,3.13,35.06849315
BD201800000308,0,0,0,0,99.9985,0,0,3.066666667,0.504899524,0,9.337837838
BD201800000309,0,0,0.34965,0,98.58201,0,1.06685,2.633333333,0.485595879,11.41,14.73015873
BD201800000310,0.95269,0,1.78419,0,94.01594,0,3.24566,3.655172414,0.378189953,4.3,40.85487528
BD201800000311,0,0,0.51615,0,99.0606,0,0.42174,3.1,0.358367482,0.66,26.54761905
BD201800000312,0,0,0.38309,0,98.64123,0,0.97419,3.2,0.457561272,0,168.4920635
BD201800000313,0,0.07154,0,0,98.94437,0,0.9826,3.066666667,0.515958988,26.14,36.81179138
BD201800000314,0,1.29558,0,0,98.13475,0,0.56818,3.413793103,0.862311628,26.95,14.08809524
BD201800000315,29.37051,0,5.19785,0,57.99344,1.64848,5.78823,2.1,0.329366151,0,8.129251701
BD201800000316,0.05017,0,1.42386,0,90.09741,3.78643,4.64065,4.333333333,0.342407137,0,7.365
BD201800000317,0.24714,0,1.58466,0,88.51644,4.94403,4.70625,2.566666667,0.339430668,0,7.726190476
BD201800000318,4.45892,0,0.27027,0,51.90904,0,43.36028,1.633333333,0.269681068,11.74,12.85
BD201800000319,1.30226,0,0.70213,0,55.6056,0,36.13183,4.137931034,0.426964737,15.52,42.24285714
BD201800000320,0,0,0.67388,0,77.93179,0.66506,7.78474,3.862068966,0.523692816,4.66,17.82312925
BD201800000321,0.26448,0,0,0,38.85228,0,17.22818,2.620689655,0.29879751,0,19.95726496
BD201800000322,1.84302,0,0.21039,0,55.94874,0.14266,41.8537,3.793103448,0.421652498,10.64,87.10430839
BD201800000323,0.7949,0,0.41792,0,60.1915,0,38.59418,3.25,0.321765646,24.87,-0.614285714
BD201800000324,0.6816,0,0.64687,0,67.03242,0,31.63759,2.75862069,0.334126171,19,49.68480726
BD201800000325,0.78667,0.14266,4.90924,0,61.78156,15.22486,17.15354,3.933333333,0.493485051,13.19,5.869047619
BD201800000326,0.20896,0.06691,34.72489,0,28.35584,0.3812,36.26076,2.379310345,0.423777917,19.07,189.5851319
BD201800000327,0,0,3.51802,0,65.64861,0,30.83187,1.655172414,0.281709197,19.35,17.37268519
BD201800000328,0,2.02446,0,0,97.68067,0,0.29337,1.833333333,0.85464008,12.86,3.135
BD201800000329,0,0.3342,0,0,89.98098,0,4.78323,3,0.7808086,28.16,10.98639456
BD201800000330,3.27959,0.51179,9.79257,0,83.8325,1.57523,1.00681,2.068965517,0.748304125,0,6.65625
BD201800000331,0,0.62648,0.96381,0,97.37213,0,1.03608,3.724137931,0.612343347,0.08,23.56428571
BD201800000332,0,7.74517,1.2538,0,90.25984,0,0.73971,3.857142857,1.458438005,22.52,35.33095238
BD201800000333,0,7.74517,1.38442,0,90.42032,0,0.44859,2.517241379,0.798132902,30.04,14.16099773
BD201800000334,0,0.48338,0,0,30.57475,0,37.36386,2.137931034,1.636733438,0,10.7
BD201800000335,0,0.14103,0.8341,0,99.02338,0,0,3.5,0.472091914,0,24.0521542
BD201800000336,0,0.07154,0,0,95.52542,0,4.40154,2.566666667,0.549247578,18.2,17.01904762
BD201800000337,10.70746,0,0,0,67.18739,0,22.10367,2.851851852,0.416274938,7.49,12.67857143
BD201800000338,0,2.54622,0.10765,0,97.06095,0,0.28369,2.344827586,0.966669702,10.8,46.54444444
BD201800000339,0.72732,12.75727,0,0,80.81833,0,5.69559,4.142857143,1.788019355,16.1,10.97380952
BD201800000340,0,0.74985,0.14308,0,99.04836,0,0.05722,1.3,0.926541101,2.72,33.64172336
BD201800000341,0,0.2142,0,0,99.77311,0,0.01119,3.068965517,0.662111378,18.19,13.70815451
BD201800000342,0,0,1.7509,0,89.1632,0,9.0844,2,0.426776936,14.09,6.016806723
BD201800000343,0,0.40482,3.07847,0,87.99313,1.11902,7.40306,1.827586207,0.488212998,17.03,12.2075
BD201800000344,1.44473,1.87555,1.32392,0,46.78277,4.69476,43.87675,4.607142857,1.008959819,25.22,5.364285714
BD201800000345,2.45369,10.83307,24.74739,0,35.97937,3.61751,22.36745,2.566666667,1.879721601,8.77,-0.086956522
BD201800000346,1.0801,14.09196,15.5906,0,47.33182,0.90639,20.99766,2.75,2.297350949,11.96,5.7175
BD201800000347,0.02226,16.2426,15.14312,0,33.74132,3.25773,31.59144,3.566666667,2.378802769,15.8,9.785714286
BD201800000348,0,18.84975,14.49209,0,37.95035,2.26402,26.44226,3.107142857,2.766603886,19.75,20.73333333
BD201800000349,0.12437,20.61544,2.4372,0,59.68052,1.03955,16.1014,3.115384615,2.874005486,30.22,55.68767123
BD201800000350,0,18.0731,3.52318,0,67.50627,0.14814,10.7478,3.592592593,2.793973564,31.38,4.18401937
BD201800000351,0.21917,14.67513,6.67478,0,66.91177,0,11.51764,2.833333333,2.286528303,28.14,8.27100271
BD201800000352,0.18351,27.65587,4.55066,0,45.95197,1.1678,20.48869,4.413793103,3.513339888,36.46,42.17391304
BD201800000353,0,21.45906,3.65038,0,63.88395,0.3409,10.66422,4.2,1.634878427,34.47,8.011904762
BD201800000354,0,0.07153,0,0,99.92697,0,0,1.333333333,0.392148355,12.53,5.49047619
BD201800000355,0.27479,0,0.21257,0,79.94826,0,2.33699,1.333333333,0.659830777,13.23,30.70238095
BD201800000356,0.21419,0.00015,0,0,99.78416,0,0,2.034482759,0.479810608,12.26,13.66190476
BD201800000357,5.60081,0,0,1.07538,70.99091,0,22.33142,2.653846154,0.311347813,3.73,40.52380952
BD201800000358,0,0,0,0,99.76956,0,0.22895,2.962962963,0.441609002,4.02,11.53271028
BD201800000359,0.14265,0.07153,0.24205,0,97.54792,0,1.99434,2.6,0.398097818,10.53,7.002267574
BD201800000360,0,0.38991,0,0,98.25836,0,1.35021,2.461538462,0.723076782,12.19,56.569161
BD201800000361,0.54036,0,0,0,97.73011,0,1.72802,1.5,0.34289463,5.66,5.066666667
BD201800000362,0,0,0,0,98.56857,0,1.42993,2.296296296,0.448896507,3.72,73.75111111
BD201800000363,0,0,0,0,99.17778,0,0.82073,2.166666667,0.492179726,5.89,46.34
BD201800000364,1.90446,0.14306,0.52759,0,80.63597,0,16.78742,1.5,0.444642459,24.66,9.766917293
BD201800000365,0,0,0,0,99.9985,0,0,2.75862069,0.563572511,24.84,41.54761905
BD201800000366,0,0,3.60902,0,95.62158,0.14103,0.62688,3.266666667,0.616752566,15.58,20.34638554
BD201800000367,0,5.02872,7.76155,0,87.20821,0,0,4.666666667,3.350522483,2.85,76.05668934
BD201800000368,0,0.141,0.87804,0,98.97947,0,0,2.310344828,0.924765916,6.69,5.823529412
BD201800000369,0,0.07153,0,0,99.90185,0,0.02511,2.833333333,0.357010812,0,7.438095238
BD201800000370,0,0,0.48829,0,99.36755,0.14266,0,2.793103448,0.695197861,19.24,190.8396947
BD201800000371,0,0,13.68073,0,86.1751,0,0.14266,2.7,0.386932553,10.79,24.73239437
BD201800000372,0,0,0,0,96.51043,0,3.48806,4,0.623915274,12.25,5.317460317
BD201800000373,0,0.06175,0.52511,0,95.49812,0,3.91351,3.433333333,0.554273216,2.63,22.48469388
BD201800000374,0,0.21566,0,0,95.65601,0,4.12682,3.333333333,0.600445827,17.94,191.4575472
BD201800000375,0,0.07153,0.273,0,99.65396,0,0,1.966666667,0.705429441,0,34.430839
BD201800000376,0,0,0,0,99.66425,0,0.33425,2.766666667,0.530922168,6.19,4.414285714
BD201800000377,0,0,0,0,99.9985,0,0,2.034482759,0.387798502,11.16,14.53968254
BD201800000378,0,0.17931,0.17503,0,99.58091,0,0.06324,2,0.543753883,4.12,8.852380952
BD201800000379,0,0,0.10528,0,99.89322,0,0,3.607142857,0.441778833,17.71,4.8875
BD201800000380,0,0,0.67607,0,98.72776,0,0.59463,3.724137931,0.982873753,18.73,32.9
BD201800000381,0,0,0.66963,0,99.32885,0,0,3.137931034,0.966384321,17.08,9.94047619
BD201800000382,0,0.92654,0.52826,0,98.5437,0,0,2.733333333,0.665680991,15.27,207.3309524
BD201800000383,0,0,4.77002,0,95.22849,0,0,2.3,0.459900337,0,7.807256236
BD201800000384,0,0,0,0,97.93233,0,2.06615,2.464285714,0.396946265,13.43,25.625
BD201800000385,0,0,0.23594,0,99.71696,0,0.04559,2.142857143,0.396998369,11.48,9.178571429
BD201800000386,0,0,0.14265,0,99.85584,0,0,2.517241379,0.365433123,0,170.8119048
BD201800000387,0.52467,0,2.75747,0,96.71636,0,0,2.642857143,0.825806369,15.25,10.24761905
BD201800000388,0.38201,5.96088,0.30756,0,91.65728,0,1.69077,2.966666667,1.75833398,40.66,19.3547619
BD201800000389,0,0,0,0,99.9985,0,0,2.448275862,0.658175541,5.8,28.51
BD201800000390,0,0.07644,0.37807,0,99.52596,0,0.01803,2.714285714,1.122557188,23.7,16.96428571
BD201800000391,0,0,0,0,98.1957,0,1.80281,3.321428571,0.841996726,16.24,11.5
BD201800000392,0,0,0,0,99.0806,0,0.9179,1.5,0.280394764,0,#N/A
BD201800000393,0,0,0,0,99.85747,0,0.14103,1.192307692,0.36793142,12.5,14.62857143
BD201800000394,0,0,2.29349,0,90.26093,0,0,2.333333333,0.32207257,0.09,19.81666667
BD201800000395,0.14266,0,0,0,85.90105,0,13.95479,1.551724138,0.214741319,0,26.21666667
BD201800000396,0,0,0.31716,0,61.72918,0,0.15852,1.413793103,0.343927835,0,13.53809524
BD201800000397,0,0,0,0,99.9985,0,0,2.52,0.379179305,14.36,8.888888889
BD201800000398,0,0,0,0,99.08061,0,0.9179,2.793103448,0.343950447,22.18,#N/A
BD201800000399,0,0,0,0,99.44823,0,0.55028,2.285714286,0.366067555,24.36,18.57307692
BD201800000400,0,2.10005,0.01188,0,97.88657,0,0,2.733333333,0.892393094,29.99,13.8952381
BD201800000401,0,2.08975,0,0,97.90874,0,0,2.724137931,0.98091563,30.81,16.42403628
BD201800000402,0.00544,0,0.00003,0,99.99303,0,0,2.896551724,0.379365641,12.14,57.58333333
BD201800000403,0,0,0,0,99.9985,0,0,2.034482759,0.481370098,9.38,6.376417234
BD201800000404,0,0,19.7625,0,72.02679,0,0,2.166666667,0.494351066,21.88,425.6455696
BD201800000405,0,0,0,0,95.62036,0,4.37814,2.7,0.624586965,20.54,10.44671202
BD201800000406,0,0,0,0,99.9985,0,0,1.8,0.447789735,10.81,234.4172336
BD201800000407,0,0.14266,0,0,98.3414,0,1.51445,2.551724138,1.013892799,15.83,9.777777778
BD201800000408,0.45694,4.54263,0,0,94.55997,0,0.43897,2.413793103,0.90604098,30.79,5.883333333
BD201800000409,0,0,0.20941,0,98.29403,0,1.49506,2.586206897,0.689528893,10.48,6.315
BD201800000410,0,0.14266,0,0,99.45816,0,0.39769,2.5,0.644604973,0,74.365
BD201800000411,0,0.14266,0.36997,0,99.08819,0,0.39769,1.931034483,0.583633176,10.77,11.31428571
BD201800000412,0,0.07153,0.36997,0,99.557,0,0,2.964285714,0.440133772,14.84,121.0634921
BD201800000413,0,0.07153,0,0,99.14919,0,0.77779,2.6,0.501335807,19.88,24.31666667
BD201800000414,0.24753,4.5731,0,0,94.66699,0,0.51088,3.482758621,1.277260245,38.65,56.97619048
BD201800000415,0.05663,0.31502,0,0,96.91949,0,2.70735,2.37037037,0.494470094,15.63,18.15833333
BD201800000416,0,0.07153,0,0,99.4339,0,0.49305,2,0.630472469,37.48,25.28571429
BD201800000417,0,1.40191,7.14906,0,90.85092,0,0.59662,2.785714286,1.627339296,11.72,20.78095238
BD201800000418,0,0.13805,0,0,99.86045,0,0,1.206896552,0.708778798,13.05,#N/A
BD201800000419,0,0.24205,0,0,99.75645,0,0,2.655172414,0.690861439,18.33,5.6525
BD201800000420,0,13.8161,0,0,82.14159,0,4.04079,4.785714286,2.266356277,65.75,6.430839002
BD201800000421,0,13.09856,0,0,83.82218,0,3.07776,2.333333333,2.366829646,71.79,73.11688312
BD201800000422,0,6.4392,0,0,90.62115,0,2.93815,2.310344828,1.904609548,45.34,53.02777778
BD201800000423,0,10.54535,0.14103,0,86.93984,0,2.37225,2,1.084674896,65.7,16.325
BD201800000424,0,0,13.43231,0,86.56621,0,0,3.466666667,0.412705856,0,15.80725624
BD201800000425,0,0.07153,0,0,99.70822,0,0.21874,2.266666667,0.837732661,19.52,12.81904762
BD201800000426,0.7851,0.57922,4.01813,0,86.25198,0,1.23443,1.034482759,0.404812224,13.96,4.134328358
BD201800000427,0,0,0.21566,0,99.78284,0,0,1.862068966,0.468665725,14.01,#N/A
BD201800000428,0,2.10005,0.00243,0,97.78392,0,0.11209,2.333333333,1.021666878,36.76,358.1452381
BD201800000429,0,0.99974,0,0,98.99877,0,0,2.9,0.745637333,28.48,22.43095238
BD201800000430,0,5.20614,0.14103,0,93.76377,0,0.88757,2.285714286,1.116960844,35.37,5.671428571
BD201800000431,0,2.01281,0,0,89.85992,0,8.1258,3.655172414,1.237299455,14.09,9.990929705
BD201800000432,0,0.97854,0,0,97.51832,0.12095,1.38066,3.2,1.041152795,14.29,16.47
BD201800000433,0,0,0.14103,0,99.42756,0,0.42991,1.4,0.438897338,23.26,4
BD201800000434,0,0,0,0,99.9985,0,0,3.586206897,0.451189398,3.6,105.7928571
BD201800000435,0,0,0,0,98.26487,0,1.73363,2.8,0.729944423,10.83,15.39047619
BD201800000436,0,0.28073,0,0,99.71777,0,0,3.5,0.833431297,11.3,36.4399093
BD201800000437,1.62536,0,0,1.66361,79.68184,0,17.02768,2.689655172,0.362921871,32.2,16.15822785
BD201800000438,0.83709,0.20794,0,0,82.82704,0,16.12643,3.133333333,0.482667181,4.79,4.453731343
BD201800000439,0,4.89772,0,0,95.10076,0,0,3.5,1.675745312,12.64,104.8238095
BD201800000440,0,0.45668,0,0,99.32925,0,0.21257,2.896551724,0.921295786,3.91,3.945
BD201800000441,0,0,0,0,99.9985,0,0,3.178571429,0.498938666,0,19.75
BD201800000442,0,0,0,0,97.84374,0,2.15475,2.068965517,0.496777519,0,12.56190476
BD201800000443,0,0,0,0,99.9985,0,0,4.482758621,0.584826596,0.25,62.45102506
BD201800000444,0,2.88258,0,0,97.11592,0,0,3.1,0.868918897,18.24,4.692857143
BD201800000445,0,0,0,0,99.99851,0,0,3.1,0.500713604,32.13,22.50952381
BD201800000446,0,0.14266,0,0,76.58975,0,23.26613,2.966666667,0.374416613,0,9.095238095
BD201800000447,0,0,0,0,99.85585,0,0.14266,3.206896552,0.441224204,0,25.57894737
BD201800000448,0,0,0,0,97.29336,0,2.70513,3.344827586,0.365312303,5.13,-5.224489796
BD201800000449,0,0.04758,0,0,78.24906,0,21.70186,4,0.33820306,15.94,14.2952381
BD201800000450,0,0,0,0,99.17997,0,0.81853,2.633333333,0.428738378,17.54,12.00714286
BD201800000451,0,0,0,0,99.85176,0,0.14676,2.733333333,0.446595687,12.64,15.27437642
BD201800000452,0,0,0,0,20.97135,0.20896,78.8182,3.533333333,0.383158289,5.22,10.66428571
BD201800000453,0,0,0,0,99.9985,0,0,2.266666667,0.367834908,10.31,16.705
BD201800000454,0,0,0,0,98.22428,0,0.0622,1.133333333,0.572391633,3.11,20.62121212
BD201800000455,0,0.18833,0,0,54.23326,0.39328,45.18368,3.9,0.45653146,6.46,95.05238095
BD201800000456,0,0.14308,0,0,99.68775,0,0.16769,4.034482759,0.619217998,2.51,5.497619048
BD201800000457,0,0.92685,0.5942,0,95.59231,0,2.88514,2.633333333,0.802424703,0,13.61904762
BD201800000458,0,0,0.81722,0,93.79786,0,5.38343,3.666666667,0.511738501,0,17.2047619
BD201800000459,0,1.0706,0,0,96.97339,0,1.95451, ,0.604320029,27.89,5.146706587
BD201800000460,0,3.23448,0,0,95.42172,0,1.34231, ,1.213903285,4.24,15.60952381
BD201800000461,0,0.24211,0,0,59.80709,0,39.94931,1.142857143,0.355593402,10.69,6.375
BD201800000462,0,0.14306,0.15477,0,47.43758,0,7.32358,1.933333333,0.855853451,0,5.135714286
BD201800000463,0,0,0,0,50.37947,0,37.41655,2.266666667,0.33717686,1.07,8.547169811
BD201800000464,1.02943,0,0,0,68.62004,0,13.99489,3.266666667,0.413035591,0,4.371882086
BD201800000465,0,1.42119,0.13382,0,91.79591,0,6.64759,2.586206897,0.372357214,13.32,30.49886621
BD201800000466,0.36761,0,0,0,45.07493,0,8.64097,3.413793103,0.758284359,0,8.14739229
BD201800000467,0,0.14103,0,0,99.57378,0,0.28369,2.724137931,0.785812647,0,34.34474886
BD201800000468,9.78823,0.07153,0,0.80015,62.12347,0,27.21512,2.533333333,0.523674469,0,15.39909297
BD201800000469,0,0.77547,0,0,95.2113,0,4.01176,2.5,0.687498467,22.86,29.66893424
BD201800000470,0,0.07154,0,0,98.17645,0.73113,1.01938,2.321428571,0.492408276,6.15,158.675737
BD201800000471,4.1497,0.57116,0,2.32716,64.68506,0,28.26542,3.433333333,0.708793243,15.39,11.53061224
BD201800000472,0,10.58901,0,0,89.16236,0,0.24714,3.724137931,2.165004818,21.37,9.290249433
BD201800000473,0,0.07154,0.64687,0,88.59842,0,10.68168,2.466666667,0.734197912,10.41,34.81405896
BD201800000474,0,0.06691,0.14103,0,93.02997,0.73113,6.0294,3.172413793,0.521508103,14.14,7.879818594
BD201800000475,2.79779,0.24714,0.28369,0,66.94058,0,29.72929,2.482758621,0.452953269,1.18,5.878571429
BD201800000476,0,0.07154,0,0,82.98527,0,16.94169,3.172413793,0.393918095,12.86,45.6125
BD201800000477,0,0.11337,0,0,89.47406,0,10.41108,3.166666667,0.398249035,11.05,15.99047619
BD201800000478,0,0.07154,0,0,94.4137,0,5.51329,3.310344828,0.494179518,4.09,17.4925
BD201800000479,0,0,0,0,96.99532,0,3.00318,2.6,0.492224728,14.56,38.0430839
BD201800000480,0,0.52131,0.41423,0,97.60334,0,1.45961,3.034482759,0.640695537,13.47,15.65
BD201800000481,0,10.7583,0,0,86.85558,0,2.38459, ,2.621823875,33.59,13.1814059
BD201800000482,0,0,0,0,99.17391,0,0.82459,3.142857143,0.422690998,0,52.61190476
BD201800000483,2.95118,0.76731,0,0,68.4724,0,27.80758,2.733333333,0.617311584,0,6.802158273
BD201800000484,0,0,0,0,98.98561,0,1.01289,2.448275862,0.923269452,10.21,31.6763285
BD201800000485,8.63956,0,0,0.17139,77.59593,0,13.59161,2.172413793,0.369675911,15.83,10.86428571
BD201800000486,0,0.38825,0,0,99.0556,0,0.55463,2.4,0.671228144,0,18.03333333
BD201800000488,5.56417,0.35562,0,0,77.98302,0,16.09566,2.321428571,0.683114123,0,88.47619048
BD201800000489,0.03932,5.21142,0.31344,0,94.10101,0,0.33332,3.931034483,1.618099675,16.06,41.76616915
BD201800000490,5.46914,0.15561,0.23209,1.20653,59.93075,0,33.00438,2.321428571,0.408472846,7.18,9.19047619
BD201800000491,0,0.07153,0,0,96.38094,0,3.54598,2.8,0.872709652,0.38,27.44350282
BD201800000492,0,0.07153,0,0,98.10218,0,1.82479,2.535714286,0.725868013,4.11,7.962962963
BD201800000493,0,20.16279,0,0,79.83572,0,0,3.620689655,2.901151803,54.82,18.2173913
BD201800000494,0,14.98974,0,0,85.00878,0,0,2.689655172,2.446027056,46.03,10.22902494
BD201800000495,0,16.19838,0,0,83.80012,0,0,1.75862069,2.135159914,47.04,15.46712018
BD201800000496,0,11.85319,0,0,88.1453,0,0,2.206896552,2.373181768,40.97,8.765700483
BD201800000497,0,0.17601,0,0,96.15751,0,3.66498,1.206896552,0.398226948,12.61,5.419254658
BD201800000498,0,0,0,0,99.9985,0,0,3.068965517,0.559227719,29.23,5.454761905
BD201800000499,0,5.05174,0,0,89.4581,0,5.48867,3.896551724,1.401536217,38.5,2.555555556
BD201800000500,0,0.14103,0,0,99.64287,0,0.21459,1.793103448,0.547889278,26.88,6.685714286
BD201800000501,0,0.14308,0,0,99.85543,0,0,1.466666667,0.543432591,12.15,174.1952381
BD201800000502,0,0.5732,0,0,69.2244,0,30.20091,3.321428571,0.58063351,20.91,10.41043084
BD201800000503,0,12.85139,0,0,71.45386,0,15.69323,2.689655172,1.317949442,23.2,100
BD201800000504,0.14281,2.63325,0.83482,0.07363,91.5806,0,4.73337,2.607142857,0.572598022,16.26,-3
BD201800000505,0,0.07154,0,0,92.27725,0,7.64972,2.24137931,0.529308462,13.11,4.466666667
BD201800000506,0,10.37869,0,0,89.37268,0,0.24714,3.192307692,2.30730965,21.39,6.391891892
BD201800000507,1.77203,0.24714,0.3834,0,83.94454,0,13.65139,1.379310345,0.52152426,7.24,287.6743421
BD201800000508,0,0.14918,0,0,93.15932,0,6.69002,2,0.457820925,0,66.79425837
BD201800000509,9.16176,9.06329,0,0.86684,52.23577,0,25.82361,2.310344828,2.097527436,23.7,4.185714286
BD201800000510,0,0,0,0,99.99851,0,0,1.793103448,0.461097151,10.23,14.16553288
BD201800000511,0,0.38825,0.14266,0,98.40118,0,1.0664,2.5,0.620657294,1.04,3.954648526
BD201800000512,2.70323,7.71098,0.5224,0.42294,61.98449,0,26.65446,3.068965517,1.006387122,18.97,9.742574257
BD201800000513,0,0.5376,0,0,96.17272,0,3.28812,1.814814815,0.860794441,7.49,284.3096447
BD201800000514,2.6582,22.68309,0,0.92999,50.30487,0,23.42235,3.464285714,3.588693333,54.4,4.979591837
BD201800000515,10.6301,22.83654,0,2.61234,38.3882,0,25.47222,4.206896552,3.40003674,52.57,10.94104308
BD201800000516,9.80479,18.75738,0,2.24934,45.43684,0,23.75014,3.703703704,3.313917168,47.58,29.05454545
BD201800000517,0,0,0,0,99.9985,0,0,1.655172414,0.463268954,11.2,-2.985981308
BD201800000518,4.73905,21.47366,0,2.44132,47.62046,0,23.72402,2.407407407,2.718413614,55.62,6.024456522
BD201800000519,0,22.27867,0,0,73.31237,0,4.40745,3.482758621,3.691337415,56.15,16.74468085
BD201800000520,0,0,1.31744,0,98.68106,0,0,2.321428571,0.502940631,10.1,32.10952381
BD201800000521,0,0,0,0,99.9985,0,0,2.666666667,0.506033145,0,13.94331066
BD201800000522,0,0,0.05068,0,99.10837,0,0.83944,1.896551724,0.437904594,0,7.077097506
BD201800000523,0,0.7147,0,0,99.28379,0,0,2.724137931,0.740861487,2.67,4.766233766
BD201800000524,0,0,0,0,99.9985,0,0,2.866666667,0.449180099,0,9.7175
BD201800000525,0,0,0,0,99.9985,0,0,2.9,0.497130638,16.54,11.675
BD201800000526,0,0,0,0,99.23058,0,0.76791,1.666666667,0.461148328,1.03,39.94104308
BD201800000527,0,0.10531,0,0,99.16449,0,0.29112,2.730769231,0.639505633,5.59,41
BD201800000528,0,0,0,0,99.05056,0,0.29112,2.896551724,0.597184449,4.28,14.2154195
BD201800000529,0,0,0,0,99.9985,0,0,2.4,0.492674866,13.44,5.853658537
BD201800000530,0,0,0,0,99.85585,0,0.14266,3.333333333,0.5498681,10.26,19.12916667
BD201800000531,2.44868,0,0,1.16752,91.38881,0,4.99348,2.448275862,0.616070877,0,201.5666667
BD201800000533,0,0,0,0,99.57433,0,0.42419,1.413793103,0.636681568,5.69,71.46428571
BD201800000534,0,0.5345,0,0,93.51072,0,5.95331,2.620689655,0.57400063,11.16,-18.06666667
BD201800000535,0,0.23039,0,0,99.22558,0,0.54255,2.433333333,0.598307777,21.58,8.983333333
BD201800000536,0,0,0.55592,0,98.46761,0,0.97498,2.655172414,0.4497957,8.3,38.97380952
BD201800000537,0,0,0.14577,0,98.36485,0,1.48788,2.586206897,0.450651438,23.25,7.495238095
BD201800000538,4.74733,0,0,5.0204,68.6096,0,21.62118,2.206896552,0.312534773,12.43,33.66904762
BD201800000539,5.29661,0.02436,0,0,80.81897,0,13.85857,2.827586207,0.348343821,23.18,18.71904762
BD201800000540,0,0,0,0,99.78431,0,0.2142,1.6,0.390554487,14.82,5.410430839
BD201800000541,0,0,0.17601,0,60.5594,0,2.8929,1.533333333,0.544383608,14.41,4.3125
BD201800000542,7.77473,0,0.10448,5.29705,30.15446,0,56.66776,1.24137931,0.261084541,0,13.97266515
BD201800000543,0,0.45667,0,0,99.4233,0,0.11854,2.266666667,0.530416044,6.74,4.716666667
BD201800000544,3.15089,0,0,0,86.8865,0,9.96112,1.321428571,0.359793536,19.97,11.18809524
BD201800000545,5.98707,0,0,0,79.96691,0,14.04452,1.310344828,0.298299766,14.94,7.113378685
BD201800000546,2.30724,0,0.13382,0,86.96185,0,10.59563,3.482758621,0.396319261,10.63,6.213151927
BD201800000547,5.79498,0,0.20896,1.18849,45.24774,0,47.55836,2.035714286,0.301381245,7.47,43.14512472
BD201800000548,4.13313,0.19215,0,0,90.24656,0,5.42668,1.933333333,0.379592091,6.63,4.842592593
BD201800000549,0,0.07153,0.59103,0,97.97927,0,1.35668,2.633333333,0.622819155,19.47,22.04285714
BD201800000550,0,0,0.14103,0,93.94911,0,0.14306,2.379310345,0.830329203,0,6.788095238
BD201800000551,0,0,0,0,80.48412,0,0.35018,1.133333333,0.612359256,5,5.496598639
BD201800000552,17.42891,0,0,0.15042,71.7043,0,10.71487,1.466666667,0.390239639,0.21,15.81
BD201800000553,0,1.19596,0.37141,0,65.95835,0,0,1.6,0.938308221,1.78,25.50952381
BD201800000554,5.22696,0.12143,0.98364,0,86.35273,0,7.31374,2.966666667,0.460501104,9.13,9.684807256
BD201800000555,0,0.42745,0,0,99.57105,0,0,2.413793103,0.559357638,16.75,5.019047619
BD201800000556,0.09178,0,0.02591,0,98.90769,0,0.97312,1.862068966,0.467823336,12.49,5.20952381
BD201800000557,0,0,0,0,99.9985,0,0,1.964285714,0.51819189,9.92,18.9047619
BD201800000558,0,0,0,0,99.9985,0,0,3.285714286,0.787908412,8.35,7.173809524
BD201800000559,0,0,0,0,99.9985,0,0,2.533333333,0.531870432,10.65,76.38571429
BD201800000560,0,0,0,0,99.9985,0,0,2.333333333,0.757875386,0,97.47619048
BD201800000561,0,0.57155,0,0,99.42695,0,0,2.2,0.513324064,18.09,30.38333333
BD201800000562,0,0,0,0,98.97906,0,1.01944,1.866666667,0.464632691,23.73,27.88359788
BD201800000563,0,0.45799,6.15715,0,93.38337,0,0,1.551724138,0.728065168,2.32,33.375
BD201800000564,0,0,0,0,99.29101,0,0.7075,2.4,0.590521522,19.19,#N/A
BD201800000565,7.32765,0,0,0,76.03274,0,16.63811,2.310344828,0.37604716,0,36.40425532
BD201800000566,2.53518,0,0.20896,0,82.28908,0,14.96528,1.833333333,0.477964587,2.02,48.12619048
BD201800000567,0,0,0,0,99.85585,0,0.14266,3,0.577484391,10.34,8.052380952
BD201800000568,0,0.03653,0,0,99.96199,0,0,1.966666667,0.813891542,18.84,6.306122449
BD201800000569,0,0,0,0,99.9985,0,0,2.366666667,0.447538564,13.23,13.34013605
BD201800000570,0,0,0,0,97.90663,0,2.0919,2.033333333,0.44958826,1.92,8.484756098
BD201800000571,0,0,0,0,99.9985,0,0,2.4,0.409632542,17.9,15.11298077
BD201800000572,0,4.36071,0,0,95.63779,0,0,2.6,1.518964842,33.04,#N/A
BD201800000573,0,0,0,0,99.45518,0,0.54332,2.733333333,0.541952516,6.58,82.59893048
BD201800000574,0,0.22697,0,0,99.09351,0,0.67802, ,0.633705044,4.77,8.142857143
BD201800000575,0,0.14266,0,0,98.71342,0,1.14242,2.733333333,0.661507409,11.14,149.369863
BD201800000576,0,0,0,0,95.63499,0,0.35872,2.379310345,0.496447946,0,2.257425743
BD201800000577,0,0,0,0,98.96602,0,1.03248,2.633333333,0.480290322,12.53,35.29285714
BD201800000578,0,0,0.28049,0,99.192,0,0.52599,2.666666667,0.462678083,0,18.37380952
BD201800000579,0,0,0,0,99.45639,0,0.54212,2.4,0.474841461,0,27.83900227
BD201800000580,0,0,0.12214,0,99.87636,0,0,2.533333333,0.427096823,0,0.347619048
BD201800000581,0,1.38117,0,0,98.61733,0,0,2.333333333,0.810603445,1.73,21.37142857
BD201800000582,0,0.65815,0,0,99.34035,0,0,1.166666667,0.524123939,18.94,333.702381
BD201800000583,0,17.37889,0,0,82.18581,0,0.43378,3.925925926,1.797808609,29.14,56.54545455
BD201800000584,0,16.64288,0,0,82.92182,0,0.43378,4.259259259,0.755934151,31.15,5.169047619
BD201800000585,0,1.99593,0,0,97.88116,0,0.12143,2.965517241,1.015798976,15.07,1.654761905
BD201800000586,0.45921,1.96351,0,0,93.16291,0,4.41287,1.966666667,1.135268934,10.67,19.25238095
BD201800000587,0,0.87327,0,0,98.91655,0,0.20868,3.433333333,0.828554995,5.22,24.09297052
BD201800000588,0.45794,0.47037,0,0,92.42885,0,6.2408,1,0.586703127,17.65,19.825
BD201800000589,1.93141,0,0,0,84.92497,0,4.44888,2.703703704,0.655203631,1.61,15.7547619
BD201800000590,0.73724,0.77002,0,0,95.06554,0,3.42569,1.137931034,0.484390661,11.77,2
BD201800000591,8.93943,0.07154,0.20896,1.3998,72.37261,0,17.00617,1.033333333,0.339255704,5.11,7.040816327
BD201800000592,4.35286,0,0.46395,0,91.50445,0,3.67723,2.1,0.720550486,12.77,66.14925373
BD201800000593,0,1.19596,0.37141,0,83.16426,0,0,1.2,0.986489778,2.26,47.46428571
BD201800000594,0,0.28073,0,0,99.58427,0,0.1335,1.866666667,0.605227358,14.95,6.875283447
BD201800000595,0,6.09335,0,0,93.90515,0,0,2.482758621,2.14497125,12.23,8.485
BD201800000596,0,6.10369,0,0,93.89481,0,0,2.6,1.856624076,12.25,9.158730159
BD201800000597,0,2.8219,3.93146,0,93.24514,0,0,1.206896552,1.132176739,6.39,60.74
BD201800000598,11.03691,1.90827,0,0.15042,81.16234,0,5.74056,2.1,0.665729984,18.57,28.36281179
BD201800000599,0,13.57563,0.17602,0,85.9169,0,0.32996,2.642857143,2.465155137,41.95,91.97505669
BD201800000600,0,13.18418,0.17602,0,86.30835,0,0.32996,3.533333333,0.889912941,42.42,77.36666667
BD201800000601,0,12.78226,0.07265,0,87.07226,0,0.07135,3.357142857,1.283322493,48.07,6.375
BD201800000602,0,0.2452,0,0,96.83223,0,2.92107,4.137931034,0.555280758,12.97,23.56190476
BD201800000603,0,0.30048,0,0,99.69802,0,0,3.166666667,0.600228007,11.39,15.57857143
BD201800000604,0,0.61778,0,0,98.78469,0,0.59603,2.620689655,0.686905085,12.36,12.74761905
BD201800000605,0.15896,0,0,0,92.06354,0,7.776,2.851851852,0.28590096,6.04,96.73770492
BD201800000606,0,0,0,0,99.9985,0,0,3.966666667,0.790644603,9.71,53.9922179
BD201800000607,0,0.13498,4.31198,0,95.41053,0,0.14103,2.793103448,0.388401409,14.53,7.108843537
BD201800000608,0,0,0,0,99.29333,0,0.70518,1.103448276,0.247134597,0,23.78708134
BD201800000609,0,0,10.12211,0,33.08,0,0,2.517241379,0.93182891,0,2.598639456
BD201800000610,0,0,1.62175,0,98.37676,0,0,2.9,0.549630666,5.81,6.161904762
BD201800000611,0,1.32065,0,0,98.67785,0,0,2.896551724,0.91080978,23.9,11.12
BD201800000612,0,0.00164,0,0,91.78295,0,8.21391,2.310344828,0.39092138,15.95,6.4
BD201800000613,0,0.05061,0.29406,0,99.65383,0,0,3.066666667,0.815334581,10.08,28.67894737
BD201800000614,0,0,0.10934,0,96.99539,0,0,2.8,1.15687822,6.24,14.6122449
BD201800000615,0,0,4.44507,0,95.55344,0,0,2.678571429,0.483383969,0,23.32199546
BD201800000616,0,0,0.81552,0,94.28912,1.64475,3.24911,2.066666667,0.263544231,0,4.102040816
BD201800000617,0,0,40.64986,0,48.79022,0,0,1.448275862,0.424925046,0,114.4238095
BD201800000618,0,0,16.89002,0,47.76413,0,0,1.666666667,0.558329331,1.33,8.680272109
BD201800000619,0,0.07154,2.08562,0,97.79504,0,0.04631,2.931034483,0.588377424,20.54,68.49659864
BD201800000620,0,0,13.3224,0,86.67612,0,0,3.862068966,0.540371972,22.01,4.56
BD201800000621,0,0,52.51395,0,46.09267,0,0,2.233333333,0.474027409,0.17,49.2452381
BD201800000622,0,1.09989,9.7602,0,88.76113,0,0.37729,3.9,0.838773973,17.01,32.53846154
BD201800000623,0,1.18832,4.99828,0,93.81191,0,0,4.862068966,0.943025981,13.86,15.83571429
BD201800000624,0,0,8.53545,0,91.46306,0,0,3.137931034,0.564203458,6.36,15.19047619
BD201800000625,0,0,24.10453,0,55.09272,0,20.80127,3.777777778,0.40325469,0,32.24603175
BD201800000626,0,0.00775,11.57655,0,84.40908,0,0,3.266666667,0.527351718,0,83.58641975
BD201800000627,0.14308,0,0,0,97.40842,0.24205,2.20496,1.433333333,0.249317228,0,7.921428571
BD201800000628,0.26257,0.78091,7.46419,0,89.78379,0.16179,1.54525,2.533333333,0.649485193,0,11.93095238
BD201800000629,0,0,0.30759,0,99.69091,0,0,3.172413793,0.359799586,1.06,13.4775
BD201800000630,0,0,0.33154,0,98.84147,0,0.8255,3.066666667,0.300370832,10.75,7.791411043
BD201800000631,0,0,0,0,96.39045,0,3.60806,2.366666667,0.264178902,0,5.05
BD201800000632,0,0,0,0,97.24197,0,2.75655,2.357142857,0.289230932,20.31,64.05454545
BD201800000633,0.28073,0,0,0,96.82081,0,2.89698,1.344827586,0.375858379,0,18.04047619
BD201800000634,0,0,0,0,79.30101,0,0,2.933333333,0.616923814,0,4.798053528
BD201800000635,0,0,0.14308,0,94.63615,1.64475,3.57453,3.1,0.351543918,0,13.96666667
BD201800000636,0.60948,0,0.50092,0,85.73847,0,13.14965,1.206896552,0.237994056,2.11,-0.092970522
BD201800000637,0.14103,0,0.07154,0,97.28079,0,2.50514, ,0.298554546,1.1,6.84
BD201800000638,0.36422,0.20633,0,0,96.03755,0,3.15025, ,0.522497426,2.75,13.14666667
BD201800000639,1.72948,0,5.61642,0,32.72013,0,19.92619,1.9,0.317173377,0,326.1702638
BD201800000640,0.24752,0,1.13869,0,98.6123,0,0,3.620689655,0.532201504,0,283.9653846
BD201800000641,0,0,1.32191,0,95.94549,0,2.73114,4.137931034,0.425893674,10.57,18.6031746
BD201800000642,0,0,4.08369,0,94.47579,0,1.43903,4.166666667,0.409807249,0,4.333333333
BD201800000643,0.14103,0,0.48503,0,99.37245,0,0,3.724137931,0.503723796,6.86,4.736842105
BD201800000644,0.66991,0,0.13555,0,97.54817,0,1.64489,3.724137931,0.492764669,7.46,8.641723356
BD201800000645,0,0.13201,0.82921,0,99.03727,0,0,4.448275862,0.997145293,4.06,22.72142857
BD201800000646,1.77909,0.21257,0.24519,0,95.74375,0,2.0179,4.4,2.144512428,15.88,8.278571429
BD201800000647,0.26929,0,2.72589,0,94.81241,0,2.19093,4.413793103,0.44532744,0,88.97959184
BD201800000648,0,0,2.62131,0,75.20938,0,0,2.933333333,0.325841398,0,-9.99
BD201800000649,0.72523,0,1.0456,0,96.69032,1.39923,0.13811,3.033333333,0.36295293,0,21.1814059
BD201800000650,0.59507,0,2.65683,0,95.76666,0,0.97994,2.966666667,0.298136306,0,12.04535147
BD201800000651,0.44959,0,1.4295,0,96.6118,0.16179,1.34581,3.517241379,0.363429974,0,25.78947368
BD201800000652,0.38397,4.04646,2.4653,0,92.06274,0,1.04004,3.827586207,1.376573719,11.55,5.785714286
BD201800000653,0,0,2.30654,0,88.19737,0,2.12868,3.517241379,0.570283301,9.29,72.08095238
BD201800000654,0,1.24423,0.24205,0,97.48601,0,1.0262,1.6,0.491131729,14.72,5.085714286
BD201800000655,0,0.14103,0,0,99.85747,0,0,3.413793103,0.958021786,14.29,5.717557252
BD201800000656,0,0,0.05013,0,99.94837,0,0,2.321428571,0.484355917,5.52,33.99285714
BD201800000657,0,0,11.19041,0,88.8081,0,0,1.933333333,0.51414795,11.63,5.942446043
BD201800000658,0,1.18832,6.77194,0,92.03824,0,0,2.666666667,0.936131273,14.41,6.186666667
BD201800000659,0,1.60198,19.37792,0,74.4732,0,4.54542,4.206896552,0.89729808,10.68,17.11564626
BD201800000660,0.00217,0,2.42434,0,96.7461,0,0.82588,1.233333333,0.273580461,19.36,49.57380952
BD201800000661,0,0.14266,2.67317,0,97.18268,0,0,2.333333333,0.492142132,4.8,117.3095238
BD201800000662,0,0.63783,0.35269,0,91.61114,0,7.39684,3.586206897,0.634841277,16.83,60.40236686
BD201800000663,0,0,2.21056,0,97.09113,0,0.69683,3,0.396795476,0,90.28205128
BD201800000664,0.62688,0,3.99074,0,89.04185,0,6.33904,3.766666667,0.683980283,0,7.364285714
BD201800000665,0,0,0.65935,0,98.36186,0,0.9773,2.366666667,0.33636054,0,9.950617284
BD201800000666,0.14308,0,1.54578,0,94.77779,0,1.29255,1.689655172,0.544343993,0,11.92142857
BD201800000667,0,18.34684,14.19282,0,66.8649,0,0.59395,3.066666667,3.027289145,29.94,4.081081081
BD201800000668,0,17.58086,18.54516,0,63.35013,0,0.52241,3.071428571,3.299130183,24.73,12.43809524
BD201800000669,0,18.2953,10.65115,0,70.4581,0,0.59395,3.333333333,3.144803161,27.06,11.98809524
BD201800000670,0,13.34534,6.76942,0,78.82871,0,1.05504,4.566666667,2.437545811,25.69,18.85714286
BD201800000671,0,18.17083,3.65007,0,77.55342,0,0.62422,4.466666667,3.486933951,28.49,49.29133858
BD201800000672,0,18.17083,13.37876,0,67.92654,0,0.52241,3.166666667,3.613826011,27.57,16.92517007
BD201800000673,0,17.07869,9.74037,0,72.96959,0,0.2099,3.566666667,3.297022782,29.81,6.139705882
BD201800000674,0,17.0769,7.30919,0,75.40282,0,0.20961,3.32,3.382084636,30.19,64.34920635
BD201800000675,0.23897,17.31749,0.91331,0,80.8637,0,0.66507,3.966666667,2.788602952,28.66,5.915254237
